Number of Iterations,Reward,Lost Data
1.0,-139.2385156,282.446875
2.0,-138.3555273,280.0819336
3.0,-136.4105469,274.9619141
4.0,-140.138125,284.7886719
5.0,-137.1905273,277.5136719
6.0,-136.5544141,275.8831055
7.0,-138.4375,281.015625
8.0,-136.9220898,276.2493164
9.0,-135.7847656,273.4169922
10.0,-136.3780469,275.5154297
11.0,-133.9030078,269.0275391
12.0,-132.1494531,263.7989258
13.0,-130.7000781,259.8068359
14.0,-129.8940625,257.6599609
15.0,-127.1291211,250.3728516
16.0,-126.1902539,247.8669922
17.0,-125.0238867,245.1415039
18.0,-122.3200586,238.3453125
19.0,-122.5585938,238.2836914
20.0,-121.5263867,234.8254883
21.0,-120.8630664,232.9938477
22.0,-118.018125,225.7557617
23.0,-116.4326172,221.6796875
24.0,-115.0879688,217.534375
25.0,-113.3843945,213.0447266
26.0,-111.3663477,206.8521484
27.0,-112.2426367,209.2723633
28.0,-109.1553906,201.0500977
29.0,-107.0249219,195.6238281
30.0,-106.0626367,193.387793
31.0,-104.9981445,189.7133789
32.0,-105.6549414,191.6117188
33.0,-203.7166992,435.7431641
34.0,-101.2543164,179.899707
35.0,-101.2763281,178.9769531
36.0,-100.8286133,178.1152344
37.0,-100.0514453,175.5216797
38.0,-100.7383984,177.4612305
39.0,-99.07732422,172.8361328
40.0,-97.55410156,169.2416992
41.0,-95.69541016,163.9785156
42.0,-95.63759766,163.0991211
43.0,-93.49519531,157.7052734
44.0,-95.91589844,163.0832031
45.0,-94.37841797,158.8452148
46.0,-95.80164063,162.6876953
47.0,-92.90207031,155.1238281
48.0,-92.50195313,153.4033203
49.0,-92.79488281,154.6605469
50.0,-90.72132813,148.0850586
51.0,-178.6735937,368.3050781
52.0,-88.64125,143.2022461
53.0,-89.87757813,145.9195313
54.0,-88.78621094,142.9640625
55.0,-89.15189453,143.271582
56.0,-90.08705078,145.4532227
57.0,-86.85455078,136.3929688
58.0,-86.88876953,136.5126953
59.0,-83.47277344,127.3611328
60.0,-88.37919922,139.3330078
61.0,-146.4130469,283.7791992
62.0,-87.82787109,136.9756836
63.0,-81.36136719,121.0035156
64.0,-82.38535156,123.3754883
65.0,-82.76640625,124.3305664
66.0,-82.51458984,123.209082
67.0,-138.2261523,279.9831055
68.0,-137.9339063,279.3416016
69.0,-136.9630078,276.1819336
70.0,-135.8139063,273.3458008
71.0,-132.6997461,265.3003906
72.0,-134.3623438,269.0552734
73.0,-132.1536523,263.2857422
74.0,-131.6299609,262.0558594
75.0,-129.7289844,256.8517578
76.0,-130.2723047,258.5030273
77.0,-128.5076758,253.8045898
78.0,-126.3729688,248.5203125
79.0,-126.0396289,246.5236328
80.0,-124.1442188,242.1916016
81.0,-124.8825,243.990918
82.0,-121.0601758,233.8235352
83.0,-122.9424023,238.4729492
84.0,-119.6535156,229.8149414
85.0,-118.086875,225.9764648
86.0,-118.1193945,225.5536133
87.0,-117.1712695,223.1833008
88.0,-116.434668,220.6850586
89.0,-114.3361914,215.6146484
90.0,-116.3583203,220.7566406
91.0,-112.2022461,209.5107422
92.0,-110.2866602,203.6451172
93.0,-111.108125,206.7888672
94.0,-110.9001563,205.8124023
95.0,-108.1562305,197.8869141
96.0,-139.5373047,283.7602539
97.0,-138.7264453,281.4523438
98.0,-136.8016406,276.0446289
99.0,-136.1794141,274.9797852
100.0,-134.5719922,270.1311523
101.0,-132.8069531,265.203418
102.0,-130.5480078,259.0458008
103.0,-129.7648828,257.4761719
104.0,-205.2795313,445.3960938
105.0,-129.0274414,255.4311523
106.0,-129.5066406,255.8833008
107.0,-125.2456836,244.721875
108.0,-122.6675586,238.4914062
109.0,-122.3939063,237.3055664
110.0,-120.8582617,233.2259766
111.0,-119.7880078,229.8875
112.0,-118.0699805,225.4081055
113.0,-117.5423633,223.5788086
114.0,-113.7966016,213.6199219
115.0,-115.8981445,219.3901367
116.0,-113.0937891,211.5015625
117.0,-111.8314844,208.4239258
118.0,-195.32125,416.4305664
119.0,-110.7697852,205.065332
120.0,-109.1755469,200.6488281
121.0,-111.3290625,205.8080078
122.0,-108.3491406,197.984668
123.0,-106.8764453,194.2272461
124.0,-104.6918164,188.000293
125.0,-103.7666211,185.3210938
126.0,-104.6978906,187.4161133
127.0,-103.0718164,183.8038086
128.0,-102.6281641,182.7325195
129.0,-101.8264648,179.8041992
130.0,-101.2646094,178.1493164
131.0,-98.65566406,171.3876953
132.0,-96.92492188,166.7092773
133.0,-97.29025391,166.8669922
134.0,-98.73849609,170.3289063
135.0,-94.44427734,159.6788086
136.0,-96.00873047,162.7916016
137.0,-95.46142578,161.4355469
138.0,-91.63779297,150.7143555
139.0,-94.50953125,158.0609375
140.0,-92.07533203,152.0425781
141.0,-92.04496094,150.9522461
142.0,-89.81316406,145.5045898
143.0,-89.32013672,143.496875
144.0,-185.1035547,382.2779297
145.0,-90.32074219,145.137793
146.0,-84.54675781,131.0617188
147.0,-88.95785156,141.8013672
148.0,-85.54271484,132.3956055
149.0,-89.32685547,141.6557617
150.0,-84.59232422,129.6851563
151.0,-87.55808594,136.5026367
152.0,-82.72193359,124.1546875
153.0,-82.49859375,124.0956055
154.0,-84.91296875,129.1452148
155.0,-84.71404297,128.5905273
156.0,-140.4879492,285.9696289
157.0,-139.1992969,282.1803711
158.0,-137.2823633,277.4942383
159.0,-136.8579297,276.4514648
160.0,-135.8538867,273.6276367
161.0,-136.9995898,276.5553711
162.0,-133.8914648,268.4652344
163.0,-134.9885742,271.3154297
164.0,-133.5126172,267.3191406
165.0,-131.8260938,262.609668
166.0,-132.2945313,264.4155273
167.0,-131.0003906,261.0263672
168.0,-130.0699609,258.2974609
169.0,-130.4603906,259.1197266
170.0,-128.6456836,254.3009766
171.0,-128.8236523,254.9729492
172.0,-129.18,255.4744141
173.0,-127.7941602,251.6643555
174.0,-126.1479687,247.4475586
175.0,-125.8381641,246.3605469
176.0,-125.2293164,245.462207
177.0,-125.1069922,244.8182617
178.0,-123.9549414,241.6732422
179.0,-122.9579883,239.2858398
180.0,-122.3792188,237.259082
181.0,-123.0047852,238.9804688
182.0,-122.7071484,238.5183594
183.0,-207.5260352,450.1297852
184.0,-120.2722266,232.1039063
185.0,-120.1161719,231.8236328
186.0,-118.4587695,226.7438477
187.0,-118.0987695,225.755957
188.0,-117.5909766,224.5926758
189.0,-117.8073047,225.0285156
190.0,-115.5925586,219.4342773
191.0,-114.9800195,217.8663086
192.0,-114.4865039,215.9855469
193.0,-116.2010742,220.5527344
194.0,-112.7346289,211.8255859
195.0,-113.8900586,214.575
196.0,-112.3599023,210.4541992
197.0,-112.187793,210.0336914
198.0,-111.9661523,209.3868164
199.0,-111.7425,208.4260742
200.0,-109.3735938,202.2035156
201.0,-109.7635156,203.5835938
202.0,-108.7103906,200.1841797
203.0,-109.3110156,201.7296875
204.0,-107.2952148,196.1665039
205.0,-106.4757422,194.3192383
206.0,-106.9063086,195.0331055
207.0,-106.9628906,195.3979492
208.0,-107.4460352,196.3311523
209.0,-106.5485742,193.7603516
210.0,-139.5511328,283.8045898
211.0,-238.0319531,529.5769531
212.0,-137.5599219,278.7533203
213.0,-136.7951367,276.2102539
214.0,-134.4844922,269.8538086
215.0,-133.4722266,267.2791992
216.0,-132.8253906,265.4277344
217.0,-131.4253711,261.9313477
218.0,-130.3789453,258.5645508
219.0,-128.8160156,254.8354492
220.0,-128.4526758,254.2017578
221.0,-125.589707,246.6024414
222.0,-126.0495117,247.3613281
223.0,-124.1620703,241.9041992
224.0,-241.1183203,534.6366211
225.0,-122.4542773,237.5871094
226.0,-119.9120508,230.7286133
227.0,-121.2221484,234.4567383
228.0,-118.3153516,226.8552734
229.0,-116.6723438,222.2814453
230.0,-118.3323828,226.9686523
231.0,-116.2182422,220.6798828
232.0,-116.3078516,220.3863281
233.0,-114.7925977,216.5041992
234.0,-113.4767578,213.3012695
235.0,-112.6664844,210.687207
236.0,-110.362207,204.0366211
237.0,-112.235957,209.1287109
238.0,-110.4694727,203.4722656
239.0,-105.6412891,191.7423828
240.0,-104.634707,188.6167969
241.0,-103.4270898,185.1631836
242.0,-103.3293359,183.8750977
243.0,-102.0878125,180.9202148
244.0,-102.0968164,180.6338867
245.0,-98.26783203,170.2875
246.0,-98.51035156,171.144043
247.0,-97.02171875,166.4507813
248.0,-98.49111328,170.6894531
249.0,-97.34701172,167.677832
250.0,-176.3884766,364.0791016
251.0,-96.54517578,164.4842773
252.0,-98.94457031,169.5611328
253.0,-94.22212891,158.3202148
254.0,-93.24255859,155.312207
255.0,-92.62986328,153.6022461
256.0,-93.48636719,155.693457
257.0,-92.59248047,153.71875
258.0,-89.49939453,146.2350586
259.0,-91.73009766,150.3933594
260.0,-89.66058594,144.4371094
261.0,-91.45556641,149.7192383
262.0,-88.21199219,141.2208984
263.0,-161.2243164,323.5820313
264.0,-90.27908203,146.2555664
265.0,-88.75738281,142.1791016
266.0,-91.24404297,147.6108398
267.0,-85.38552734,133.1793945
268.0,-86.66115234,135.9192383
269.0,-86.2703125,134.4990234
270.0,-88.03767578,138.640332
271.0,-85.62855469,132.294043
272.0,-85.80601563,132.6400391
273.0,-85.10248047,130.4942383
274.0,-85.2921875,130.8916016
275.0,-85.78660156,131.2169922
276.0,-84.34,128.115625
277.0,-85.19058594,129.3583008
278.0,-85.48908203,130.5696289
279.0,-82.76339844,123.2366211
280.0,-83.57033203,125.3430664
281.0,-77.73193359,110.3808594
282.0,-85.18787109,128.1881836
283.0,-81.87537109,119.8410156
284.0,-82.66013672,122.0617188
285.0,-80.11556641,115.3755859
286.0,-81.98794922,119.6146484
287.0,-78.68847656,111.2133789
288.0,-81.49554688,118.3848633
289.0,-81.27419922,117.2443359
290.0,-79.30222656,112.1691406
291.0,-78.51423828,110.1344727
292.0,-78.76085938,110.7375977
293.0,-80.55748047,114.7567383
294.0,-75.90986328,103.0498047
295.0,-78.23707031,109.3207031
296.0,-75.72335938,102.0647461
297.0,-75.22134766,100.7865234
298.0,-76.54269531,103.9763672
299.0,-80.54140625,113.7680664
300.0,-81.08667969,115.1336914
301.0,-78.56580078,108.3395508
302.0,-80.44939453,112.8458984
303.0,-79.86003906,111.9425781
304.0,-74.94162109,99.61845703
305.0,-80.26035156,112.5234375
306.0,-76.9596875,103.3416016
307.0,-77.99591797,105.8601562
308.0,-75.86458984,100.7442383
309.0,-77.683125,105.2087891
310.0,-73.92853516,95.03496094
311.0,-78.63070313,106.0103516
312.0,-81.78552734,114.3991211
313.0,-76.61761719,101.3243164
314.0,-79.18417969,106.6274414
315.0,-83.17548828,116.7363281
316.0,-78.13070313,103.9571289
317.0,-75.56070313,98.10830078
318.0,-73.95484375,94.10097656
319.0,-73.14332031,91.9671875
320.0,-80.60306641,110.5005859
321.0,-73.43873047,92.07460938
322.0,-82.21300781,113.8601562
323.0,-76.12179688,98.69316406
324.0,-79.1128125,106.3074219
325.0,-74.42449219,94.41083984
326.0,-77.24689453,101.3582031
327.0,-75.09902344,96.04345703
328.0,-75.63511719,97.20058594
329.0,-75.58902344,97.53701172
330.0,-160.9109961,310.9505859
331.0,-76.766875,100.4352539
332.0,-74.32767578,94.25791016
333.0,-76.1540625,98.31728516
334.0,-73.13449219,91.41044922
335.0,-73.19695313,91.5421875
336.0,-79.11892578,105.9210938
337.0,-73.4596875,91.36650391
338.0,-73.56263672,91.74960938
339.0,-77.62990234,101.4514648
340.0,-73.19115234,90.20322266
341.0,-73.08107422,89.92802734
342.0,-74.52617187,93.44433594
343.0,-75.29328125,95.02519531
344.0,-73.56056641,91.07060547
345.0,-76.44048828,98.14833984
346.0,-74.73349609,93.40234375
347.0,-77.76457031,100.9519531
348.0,-73.98933594,91.3625
349.0,-78.29328125,101.5999023
350.0,-78.88029297,103.7302734
351.0,-73.78542969,90.93818359
352.0,-76.30894531,97.26894531
353.0,-76.57679688,97.53574219
354.0,-67.53199219,75.17519531
355.0,-74.856875,93.28232422
356.0,-73.30396484,89.26699219
357.0,-77.23833984,99.23232422
358.0,-74.01089844,91.03798828
359.0,-75.67126953,94.40644531
360.0,-73.02162109,88.10947266
361.0,-74.80919922,92.94462891
362.0,-74.29701172,90.79013672
363.0,-72.33628906,85.77724609
364.0,-79.29277344,102.8730469
365.0,-73.79779297,89.12705078
366.0,-74.13958984,90.46494141
367.0,-79.32416016,102.9869141
368.0,-72.78804688,86.93105469
369.0,-72.0396875,84.64267578
370.0,-71.31650391,83.37792969
371.0,-76.19548828,94.58662109
372.0,-72.51,85.39609375
373.0,-75.47964844,92.88369141
374.0,-68.13777344,74.72919922
375.0,-76.12119141,94.55224609
376.0,-75.49193359,92.79111328
377.0,-71.81949219,83.59169922
378.0,-74.38693359,89.52568359
379.0,-69.03578125,76.62753906
380.0,-78.06693359,98.6109375
381.0,-73.83529297,88.42734375
382.0,-75.56939453,92.03505859
383.0,-76.27134766,93.97548828
384.0,-72.96974609,85.64824219
385.0,-75.45777344,91.58144531
386.0,-74.68427734,90.04199219
387.0,-73.29236328,86.23505859
388.0,-73.44484375,87.06181641
389.0,-76.70130859,94.56210938
390.0,-73.8309375,87.66816406
391.0,-69.4975,76.80771484
392.0,-76.34171875,93.77910156
393.0,-74.94919922,90.02314453
394.0,-72.39289063,83.79472656
395.0,-75.68169922,92.29384766
396.0,-72.15384766,83.00791016
397.0,-81.02728516,104.434668
398.0,-81.46951172,105.8185547
399.0,-72.3640625,83.25634766
400.0,-76.81671875,94.00712891
401.0,-73.01947266,84.91074219
402.0,-73.4765625,85.76171875
403.0,-72.99691406,84.74570313
404.0,-74.02113281,87.29648438
405.0,-79.00525391,100.0338867
406.0,-69.56478516,76.31552734
407.0,-76.52808594,93.64199219
408.0,-78.49753906,98.15302734
409.0,-74.65085938,88.72675781
410.0,-71.86984375,82.67998047
411.0,-73.24941406,85.4453125
412.0,-71.96886719,82.18291016
413.0,-71.26097656,80.25449219
414.0,-78.00412109,96.85478516
415.0,-70.44660156,78.37724609
416.0,-77.44888672,96.03066406
417.0,-75.93359375,91.73583984
418.0,-71.54076172,81.58505859
419.0,-75.34568359,90.36738281
420.0,-70.24890625,78.11494141
421.0,-72.01115234,82.02128906
422.0,-68.33009766,72.95048828
423.0,-72.52056641,83.34121094
424.0,-73.95117188,86.66503906
425.0,-75.68253906,91.23515625
426.0,-70.29197266,77.72822266
427.0,-79.94580078,101.8310547
428.0,-81.40121094,105.3829102
429.0,-79.4534375,100.7405273
430.0,-75.64640625,91.1375
431.0,-64.21574219,62.66337891
432.0,-69.60935547,75.79951172
433.0,-72.22236328,82.078125
434.0,-69.679375,75.70478516
435.0,-73.94015625,85.97832031
436.0,-74.30820313,87.08886719
437.0,-74.78527344,88.18144531
438.0,-72.290625,82.02294922
439.0,-70.40535156,77.19257813
440.0,-73.93601563,85.64814453
441.0,-72.03548828,80.71738281
442.0,-74.82224609,87.54511719
443.0,-70.21052734,75.79609375
444.0,-75.74789063,89.41855469
445.0,-64.89804688,62.93847656
446.0,-74.63162109,86.69013672
447.0,-75.79591797,89.30546875
448.0,-74.88861328,87.48154297
449.0,-72.64240234,81.99052734
450.0,-70.42886719,76.63125
451.0,-72.16054688,80.91162109
452.0,-72.78710938,82.51220703
453.0,-68.85070313,73.20097656
454.0,-74.38699219,86.59248047
455.0,-79.68515625,99.56933594
456.0,-71.60445312,79.62636719
457.0,-74.5721875,86.85771484
458.0,-70.16634766,76.02744141
459.0,-69.58214844,74.73417969
460.0,-65.25697266,63.86386719
461.0,-72.1284375,80.52617188
462.0,-131.2465234,228.731543
463.0,-71.27626953,79.10009766
464.0,-74.09527344,86.00478516
465.0,-75.57160156,89.64677734
466.0,-71.83238281,80.36220703
467.0,-71.73488281,80.38945312
468.0,-70.61779297,76.91679688
469.0,-70.92525391,77.61953125
470.0,-76.45564453,91.45283203
471.0,-67.7540625,69.92226563
472.0,-70.28080078,75.79355469
473.0,-78.82078125,96.80537109
474.0,-70.09089844,75.25166016
475.0,-81.23195313,102.6208984
476.0,-75.02404297,87.45634766
477.0,-76.02853516,89.23515625
478.0,-74.95482422,87.27597656
479.0,-75.55744141,88.35039062
480.0,-70.49021484,76.44892578
481.0,-69.77648438,74.37773437
482.0,-70.16296875,75.59785156
483.0,-75.71746094,89.08125
484.0,-69.73519531,74.52597656
485.0,-70.55363281,76.215625
486.0,-70.59513672,76.34990234
487.0,-71.51273438,78.49619141
488.0,-75.90427734,89.59345703
489.0,-74.91898438,86.82138672
490.0,-71.68523438,78.80292969
491.0,-73.97095703,84.17666016
492.0,-76.84597656,91.42402344
493.0,-72.24982422,79.90556641
494.0,-71.37544922,77.88076172
495.0,-77.14464844,91.69462891
496.0,-71.9465625,78.49677734
497.0,-70.53941406,74.93251953
498.0,-74.13689453,83.94941406
499.0,-74.15138672,83.69755859
500.0,-67.965625,68.43457031
501.0,-71.95533203,77.79482422
502.0,-68.09970703,68.38525391
503.0,-74.45326172,84.04697266
504.0,-76.14787109,88.27861328
505.0,-73.13398438,80.31298828
506.0,-72.41074219,78.97363281
507.0,-71.84244141,77.57363281
508.0,-69.17988281,70.84521484
509.0,-72.78554688,79.68847656
510.0,-67.60546875,66.88232422
511.0,-67.00001953,65.85820313
512.0,-77.67015625,91.78525391
513.0,-149.8605664,272.2844727
514.0,-75.30189453,85.92685547
515.0,-68.3059375,68.46992188
516.0,-81.18236328,100.2422852
517.0,-67.70470703,67.07548828
518.0,-70.37564453,73.57460938
519.0,-179.0615625,345.2466797
520.0,-70.01066406,72.61943359
521.0,-80.144375,97.15537109
522.0,-65.12457031,59.66689453
523.0,-75.11199219,84.69160156
524.0,-73.12626953,79.25976563
525.0,-71.04347656,74.66923828
526.0,-66.80548828,63.78740234
527.0,-74.10384766,81.75986328
528.0,-77.30498047,89.75292969
529.0,-76.59738281,88.35136719
530.0,-73.51941406,80.42451172
531.0,-70.69460938,73.35273438
532.0,-78.27664063,91.75849609
533.0,-77.11814453,89.61542969
534.0,-70.29171875,72.87773438
535.0,-77.21619141,89.61640625
536.0,-71.92671875,76.66982422
537.0,-72.00308594,76.97792969
538.0,-71.83794922,76.37587891
539.0,-73.06255859,79.43251953
540.0,-77.79808594,91.10166016
541.0,-71.90541016,76.85214844
542.0,-72.84271484,79.04404297
543.0,-73.09802734,79.45283203
544.0,-71.61503906,75.68066406
545.0,-72.07791016,76.63642578
546.0,-70.76976563,73.44296875
547.0,-73.18246094,79.41367188
548.0,-75.83259766,85.96699219
549.0,-75.02169922,83.92021484
550.0,-71.32371094,74.52998047
551.0,-72.65820313,77.94433594
552.0,-71.19582031,74.090625
553.0,-71.99169922,76.27441406
554.0,-73.06378906,78.78984375
555.0,-71.72066406,75.43691406
556.0,-72.16902344,76.27949219
557.0,-70.93378906,73.08398438
558.0,-76.03246094,85.78671875
559.0,-72.33167969,76.39560547
560.0,-71.61642578,74.67705078
561.0,-70.19210938,71.35917969
562.0,-67.38673828,64.44462891
563.0,-73.84091797,79.77197266
564.0,-73.73833984,79.43007813
565.0,-69.02166016,68.11445313
566.0,-75.49279297,83.76494141
567.0,-70.00322266,69.98730469
568.0,-74.66404297,81.50751953
569.0,-71.14058594,72.92470703
570.0,-69.57107422,69.1046875
571.0,-71.41658203,73.85273438
572.0,-73.18125,78.54150391
573.0,-69.63152344,69.76240234
574.0,-70.61904297,71.78320313
575.0,-72.48355469,76.63125
576.0,-73.74496094,80.23154297
577.0,-66.03464844,60.74335938
578.0,-74.16792969,80.35634766
579.0,-73.4640625,78.66992188
580.0,-74.33712891,80.42900391
581.0,-69.65445313,68.71621094
582.0,-69.1575,67.14912109
583.0,-74.77792969,80.99511719
584.0,-77.15921875,86.80673828
585.0,-72.4246875,75.49775391
586.0,-70.40322266,70.47216797
587.0,-67.93769531,64.51708984
588.0,-73.55761719,78.36914063
589.0,-71.98240234,74.44697266
590.0,-70.68138672,71.12851563
591.0,-69.22617188,67.54541016
592.0,-67.72048828,63.58222656
593.0,-72.62449219,75.753125
594.0,-67.07384766,61.99248047
595.0,-76.62753906,85.43603516
596.0,-72.66115234,76.18535156
597.0,-74.13027344,79.69091797
598.0,-75.01408203,81.42070312
599.0,-70.67572266,70.87509766
600.0,-69.20027344,67.41474609
601.0,-66.75052734,61.57724609
602.0,-76.30089844,85.06865234
603.0,-72.81916016,76.23613281
604.0,-78.19335938,89.48486328
605.0,-73.46384766,77.36201172
606.0,-68.37486328,64.99111328
607.0,-72.87140625,75.97734375
608.0,-68.41826172,65.36328125
609.0,-73.88367188,78.76435547
610.0,-72.69275391,75.76386719
611.0,-70.08572266,69.39521484
612.0,-75.91119141,83.82949219
613.0,-71.44871094,72.54755859
614.0,-70.57292969,70.13349609
615.0,-69.87181641,68.75546875
616.0,-72.69753906,75.37910156
617.0,-71.72330078,72.85927734
618.0,-67.18796875,61.70527344
619.0,-74.83835938,80.55048828
620.0,-71.89828125,73.33457031
621.0,-74.22044922,78.57724609
622.0,-74.48580078,79.22353516
623.0,-70.50925781,69.86445312
624.0,-74.01570313,78.66230469
625.0,-68.99738281,66.02861328
626.0,-74.27816406,79.20371094
627.0,-71.3340625,71.95820313
628.0,-74.46958984,79.30507813
629.0,-69.2390625,66.35205078
630.0,-74.60099609,79.73857422
631.0,-73.02076172,75.39003906
632.0,-67.01880859,60.80751953
633.0,-72.13337891,73.42060547
634.0,-70.35541016,68.98300781
635.0,-73.16710938,75.66679688
636.0,-69.59503906,67.04179688
637.0,-68.18595703,63.37871094
638.0,-70.99904297,70.39433594
639.0,-72.379375,73.34589844
640.0,-69.10375,65.02255859
641.0,-71.735625,71.59492188
642.0,-68.52863281,63.75322266
643.0,-74.04958984,77.21015625
644.0,-69.76189453,66.56660156
645.0,-68.55035156,63.70009766
646.0,-69.8328125,66.57177734
647.0,-69.64158203,66.39765625
648.0,-76.68759766,83.87841797
649.0,-68.34740234,63.22324219
650.0,-69.30001953,65.63408203
651.0,-73.45382813,75.87333984
652.0,-72.36146484,73.15341797
653.0,-65.70150391,56.54746094
654.0,-67.55445313,60.99550781
655.0,-71.71716797,71.24238281
656.0,-69.01333984,64.60488281
657.0,-69.04244141,64.69472656
658.0,-139.6673047,283.9070313
659.0,-138.1011719,279.8598633
660.0,-136.2376953,274.8203125
661.0,-135.5655664,272.8799805
662.0,-133.6147461,267.7612305
663.0,-133.9509766,269.1962891
664.0,-131.146543,261.7933594
665.0,-130.2881836,259.1274414
666.0,-130.6901367,259.6635742
667.0,-129.142832,255.8050781
668.0,-127.9285156,252.3530273
669.0,-126.1171094,247.5876953
670.0,-124.2957031,241.8842773
671.0,-123.6100781,241.3005859
672.0,-122.7929492,238.499707
673.0,-122.2324219,237.1044922
674.0,-120.8365234,233.5146484
675.0,-119.2142383,229.0841797
676.0,-118.4857813,227.1006836
677.0,-115.9316602,220.2991211
678.0,-115.1358594,218.0129883
679.0,-115.2250977,218.0273438
680.0,-113.4641211,213.490625
681.0,-113.0918164,211.1658203
682.0,-111.3061328,207.0763672
683.0,-111.2666797,206.428418
684.0,-110.7007813,204.8842773
685.0,-108.535,199.1817383
686.0,-106.6722266,194.6297852
687.0,-107.2637305,195.4701172
688.0,-107.5006055,195.4128906
689.0,-107.6556055,195.9322266
690.0,-104.5608008,188.0194336
691.0,-197.0316602,419.0354492
692.0,-103.5283008,184.7375
693.0,-101.6099414,180.4542969
694.0,-101.5594727,179.625
695.0,-98.94714844,172.8268555
696.0,-100.8079297,176.6267578
697.0,-98.17226563,170.1303711
698.0,-96.72017578,165.971582
699.0,-96.66390625,165.8467773
700.0,-96.91699219,166.1035156
701.0,-95.70765625,162.474707
702.0,-96.87908203,165.3385742
703.0,-95.25988281,160.7913086
704.0,-93.84119141,156.9748047
705.0,-95.96148438,161.7054688
706.0,-94.83175781,158.6541016
707.0,-95.43507813,159.884082
708.0,-154.8154883,308.4901367
709.0,-90.30759766,147.1129883
710.0,-93.93248047,155.8480469
711.0,-88.16783203,141.065332
712.0,-90.62167969,146.2416992
713.0,-87.51513672,138.972168
714.0,-90.51927734,146.1138672
715.0,-85.39414063,132.9921875
716.0,-88.87892578,141.0901367
717.0,-88.20933594,139.1854492
718.0,-90.38302734,144.1033203
719.0,-86.80388672,135.2116211
720.0,-89.8078125,141.9194336
721.0,-83.65019531,125.9663086
722.0,-84.23095703,127.1948242
723.0,-80.28402344,117.4581055
724.0,-84.35318359,127.2879883
725.0,-83.75941406,126.0538086
726.0,-84.09775391,126.2539063
727.0,-84.71080078,127.6693359
728.0,-84.73123047,126.8708008
729.0,-82.86636719,122.2147461
730.0,-85.25,128.5522461
731.0,-83.84921875,124.5742188
732.0,-83.63751953,123.496875
733.0,-81.59818359,118.3204102
734.0,-81.29988281,117.2731445
735.0,-173.8603711,349.0515625
736.0,-81.53037109,117.9799805
737.0,-81.19949219,117.1686523
738.0,-77.26816406,107.1181641
739.0,-81.62099609,118.0356445
740.0,-78.02207031,108.4829102
741.0,-80.20373047,114.3899414
742.0,-81.70433594,117.6666016
743.0,-78.31058594,109.353125
744.0,-80.70361328,114.831543
745.0,-80.37935547,114.0892578
746.0,-76.95496094,105.780957
747.0,-76.71298828,105.1552734
748.0,-78.69929688,109.812207
749.0,-77.24666016,106.2111328
750.0,-81.30246094,116.0540039
751.0,-78.53644531,109.6125977
752.0,-74.50544922,98.6671875
753.0,-78.26048828,107.7618164
754.0,-83.97046875,122.3602539
755.0,-81.2596875,115.0510742
756.0,-77.75371094,106.359375
757.0,-74.84103516,98.68095703
758.0,-75.73191406,100.675
759.0,-80.21611328,111.1445313
760.0,-75.22232422,98.69423828
761.0,-74.34304688,96.33613281
762.0,-81.13744141,112.3882812
763.0,-73.12662109,92.80068359
764.0,-74.96189453,97.14960938
765.0,-72.95501953,91.70029297
766.0,-76.53867188,101.012207
767.0,-77.8375,103.4462891
768.0,-77.78152344,103.5773438
769.0,-74.31105469,94.41533203
770.0,-78.40220703,104.2879883
771.0,-81.58521484,111.862207
772.0,-75.62339844,97.11269531
773.0,-76.92414063,100.0935547
774.0,-71.29853516,86.08203125
775.0,-75.03125,95.06835938
776.0,-75.01378906,95.37871094
777.0,-80.24136719,107.9203125
778.0,-70.94269531,84.75175781
779.0,-76.89400391,99.17714844
780.0,-75.58742188,96.3171875
781.0,-70.62339844,83.29921875
782.0,-72.29591797,87.28154297
783.0,-74.73630859,93.58515625
784.0,-72.6053125,88.36875
785.0,-75.73728516,95.72138672
786.0,-75.84023438,95.83349609
787.0,-80.96775391,108.6388672
788.0,-69.23689453,79.00410156
789.0,-74.75380859,92.41796875
790.0,-70.87068359,82.60029297
791.0,-76.42916016,96.25234375
792.0,-69.65933594,79.71230469
793.0,-76.00648438,95.5875
794.0,-77.89601563,100.184375
795.0,-69.84941406,79.96533203
796.0,-74.58640625,91.37324219
797.0,-74.00289062,89.72646484
798.0,-72.69410156,86.23476563
799.0,-77.94818359,99.34921875
800.0,-71.33400391,82.4109375
801.0,-73.74246094,88.57246094
802.0,-74.64513672,90.41533203
803.0,-73.49945313,87.87949219
804.0,-76.5221875,95.10185547
805.0,-76.17771484,93.67060547
806.0,-76.83160156,95.865625
807.0,-74.70542969,90.40371094
808.0,-79.39957031,101.853418
809.0,-68.23503906,74.05439453
810.0,-79.03751953,100.8689453
811.0,-71.45679688,81.56679688
812.0,-78.32808594,98.63027344
813.0,-74.36423828,88.99287109
814.0,-68.23892578,73.71865234
815.0,-70.92417969,79.90322266
816.0,-74.96896484,89.71855469
817.0,-71.02552734,80.31650391
818.0,-68.36285156,73.52675781
819.0,-82.70210937,108.6083008
820.0,-80.35388672,103.425
821.0,-72.2996875,83.50068359
822.0,-76.47972656,93.62607422
823.0,-67.07640625,70.51328125
824.0,-73.41130859,86.07099609
825.0,-71.49419922,80.95839844
826.0,-74.39005859,87.69023438
827.0,-75.79595703,91.30751953
828.0,-76.60070313,93.33037109
829.0,-72.88857422,83.85595703
830.0,-78.20625,96.87792969
831.0,-77.21996094,94.66611328
832.0,-77.59724609,95.25166016
833.0,-74.10123047,86.66054688
834.0,-73.52621094,85.10458984
835.0,-71.09402344,79.36103516
836.0,-76.83167969,93.01181641
837.0,-70.17429688,76.84199219
838.0,-75.89666016,90.85126953
839.0,-80.63265625,102.5533203
840.0,-70.54845703,77.903125
841.0,-73.506875,84.89267578
842.0,-75.61759766,90.30742188
843.0,-71.43931641,79.86416016
844.0,-72.63152344,82.79707031
845.0,-70.29830078,76.76992188
846.0,-71.78324219,80.62753906
847.0,-75.76626953,89.9125
848.0,-66.72777344,67.57626953
849.0,-67.27347656,68.50351563
850.0,-74.03316406,85.16835938
851.0,-75.111875,87.64052734
852.0,-68.67101563,71.63603516
853.0,-79.93470703,99.57675781
854.0,-73.59716797,83.92333984
855.0,-73.60751953,84.19580078
856.0,-69.85726563,74.90927734
857.0,-66.73777344,66.83955078
858.0,-73.50228516,83.35654297
859.0,-74.25980469,85.42246094
860.0,-80.91150391,101.8380859
861.0,-72.43146484,80.88701172
862.0,-78.45023438,95.68613281
863.0,-71.82601563,79.23789063
864.0,-72.54125,80.87949219
865.0,-75.18984375,87.11767578
866.0,-73.21367188,82.42626953
867.0,-73.84759766,83.77792969
868.0,-73.09810547,81.89443359
869.0,-65.79816406,63.78007812
870.0,-71.44886719,77.30625
871.0,-66.74044922,65.75126953
872.0,-72.79783203,80.46503906
873.0,-68.79107422,70.42373047
874.0,-71.201875,76.39091797
875.0,-70.6028125,75.11542969
876.0,-72.61066406,80.25957031
877.0,-78.54457031,94.70126953
878.0,-73.00144531,80.8703125
879.0,-72.89734375,80.4953125
880.0,-70.42878906,74.66083984
881.0,-70.36099609,74.30458984
882.0,-68.43423828,69.18740234
883.0,-75.94986328,87.94472656
884.0,-63.80363281,57.30693359
885.0,-73.80179688,82.52695313
886.0,-72.80880859,79.49150391
887.0,-72.70537109,79.31103516
888.0,-75.53525391,86.21240234
889.0,-73.67607422,81.36914063
890.0,-71.25148438,75.41630859
891.0,-74.33568359,83.15732422
892.0,-77.47210938,91.08505859
893.0,-73.90974609,82.55390625
894.0,-71.60890625,76.60039062
895.0,-69.44894531,71.07841797
896.0,-75.18064453,85.14521484
897.0,-78.87693359,94.07832031
898.0,-70.22048828,72.23701172
899.0,-74.64414063,83.17285156
900.0,-73.83957031,81.35917969
901.0,-71.40683594,75.61669922
902.0,-74.53613281,83.30322266
903.0,-65.52505859,61.08925781
904.0,-69.93800781,72.09355469
905.0,-75.79039063,86.06533203
906.0,-68.46814453,68.23945313
907.0,-76.36849609,88.17832031
908.0,-75.78017578,86.37060547
909.0,-78.62742188,93.57783203
910.0,-73.1296875,80.15820313
911.0,-72.16685547,77.41787109
912.0,-68.54052734,68.45703125
913.0,-73.19523437,79.78496094
914.0,-70.59056641,73.80429687
915.0,-71.72544922,76.45107422
916.0,-72.07677734,76.86308594
917.0,-70.07623047,72.00332031
918.0,-68.84,69.47060547
919.0,-69.75201172,71.58828125
920.0,-68.80068359,69.00732422
921.0,-73.61578125,80.74111328
922.0,-66.50621094,63.48964844
923.0,-72.82058594,79.24873047
924.0,-70.81730469,73.74492188
925.0,-68.53822266,67.93369141
926.0,-68.39560547,67.42822266
927.0,-75.54121094,84.91259766
928.0,-66.01033203,61.53828125
929.0,-73.1665625,78.99306641
930.0,-75.69615234,84.90810547
931.0,-78.57671875,91.90322266
932.0,-66.41480469,62.44326172
933.0,-73.97910156,80.54345703
934.0,-67.78630859,65.02363281
935.0,-76.69515625,87.0015625
936.0,-76.57681641,86.60683594
937.0,-68.95652344,67.67939453
938.0,-70.33382813,70.95419922
939.0,-70.21523438,70.68945313
940.0,-73.69171875,79.10722656
941.0,-73.12990234,77.64775391
942.0,-78.51291016,90.86113281
943.0,-68.00650391,64.56337891
944.0,-71.02753906,72.15380859
945.0,-70.29164063,70.17490234
946.0,-66.28957031,60.60673828
947.0,-74.63466797,80.70898438
948.0,-69.48076172,67.70947266
949.0,-72.84611328,76.15214844
950.0,-75.56109375,83.16298828
951.0,-72.29796875,74.98564453
952.0,-73.33435547,77.19941406
953.0,-67.12072266,61.87041016
954.0,-74.75044922,80.77626953
955.0,-69.49972656,67.67509766
956.0,-74.29064453,79.99052734
957.0,-71.47255859,72.63037109
958.0,-72.69933594,75.80107422
959.0,-66.31667969,59.6125
960.0,-71.39,72.44716797
961.0,-70.75681641,70.72871094
962.0,-67.97146484,63.61884766
963.0,-73.85304688,78.40214844
964.0,-64.21535156,54.51054688
965.0,-70.59962891,70.01835938
966.0,-73.82648438,78.20146484
967.0,-67.19199219,61.93261719
968.0,-73.91576172,78.37460937
969.0,-75.1915625,81.69472656
970.0,-70.84007813,70.83798828
971.0,-74.39550781,79.57275391
972.0,-70.81751953,70.821875
973.0,-68.55912109,65.08798828
974.0,-68.48570313,65.22792969
975.0,-70.75132813,70.54042969
976.0,-77.23054687,86.61640625
977.0,-72.38351563,74.81132813
978.0,-68.835,65.80576172
979.0,-70.61648438,70.29853516
980.0,-80.01234375,93.42197266
981.0,-72.33990234,74.22011719
982.0,-69.53863281,67.42568359
983.0,-73.16357422,76.31591797
984.0,-67.34871094,61.82880859
985.0,-70.40425781,69.25039063
986.0,-70.97390625,70.71113281
987.0,-74.56533203,79.2734375
988.0,-76.00603516,83.16572266
989.0,-70.33988281,68.94296875
990.0,-77.26066406,86.14482422
991.0,-72.34837891,74.11435547
992.0,-65.45861328,56.94853516
993.0,-71.29972656,71.54033203
994.0,-74.40833984,79.30576172
995.0,-72.22107422,73.32978516
996.0,-73.26966797,76.45175781
997.0,-68.48533203,64.45917969
998.0,-69.97673828,67.9484375
999.0,-67.91039063,63.04501953
1000.0,-74.3803125,79.07333984
1001.0,-67.65074219,62.25673828
1002.0,-73.96171875,77.77783203
1003.0,-68.98126953,65.20341797
1004.0,-75.55632813,81.45429688
1005.0,-73.93960938,77.50771484
1006.0,-78.26521484,88.10810547
1007.0,-72.27267578,73.28544922
1008.0,-70.39226563,68.91523438
1009.0,-70.15037109,68.53632813
1010.0,-71.27242187,70.99111328
1011.0,-73.82347656,77.22714844
1012.0,-73.41519531,76.18691406
1013.0,-70.07126953,68.23603516
1014.0,-67.66320313,61.83134766
1015.0,-71.04720703,70.18759766
1016.0,-69.88302734,67.52617188
1017.0,-69.89753906,67.36347656
1018.0,-73.96390625,77.12412109
1019.0,-76.14664063,82.70302734
1020.0,-68.98445313,65.06367188
1021.0,-65.20751953,55.72021484
1022.0,-79.29597656,90.7375
1023.0,-70.37914063,68.64804688
1024.0,-69.98742188,67.50517578
1025.0,-69.50060547,66.3015625
1026.0,-71.79154297,71.83603516
1027.0,-65.14978516,55.29511719
1028.0,-65.21521484,55.38789063
1029.0,-72.51341797,73.39169922
1030.0,-76.13617188,82.571875
1031.0,-72.53273437,73.67558594
1032.0,-70.41601563,68.15429688
1033.0,-65.32265625,55.55761719
1034.0,-70.12439453,67.51923828
1035.0,-67.96158203,62.18544922
1036.0,-68.79511719,63.76757813
1037.0,-72.83148438,73.88535156
1038.0,-63.13794922,49.94082031
1039.0,-74.04535156,76.75400391
1040.0,-73.50046875,75.26972656
1041.0,-72.25210938,72.26601563
1042.0,-69.02564453,63.94960938
1043.0,-73.41486328,74.79570312
1044.0,-70.36986328,67.39316406
1045.0,-65.93951172,56.49550781
1046.0,-76.58267578,82.36367188
1047.0,-72.17173828,71.86611328
1048.0,-73.45710938,75.06855469
1049.0,-70.83824219,68.39199219
1050.0,-69.29765625,64.53076172
1051.0,-75.22029297,79.03583984
1052.0,-67.37724609,60.00439453
1053.0,-68.24294922,61.98554688
1054.0,-73.92728516,75.90341797
1055.0,-66.59880859,57.96308594
1056.0,-71.69945313,70.68417969
1057.0,-73.09767578,74.04423828
1058.0,-72.66644531,73.32138672
1059.0,-70.01884766,66.64013672
1060.0,-77.76943359,85.39404297
1061.0,-63.89837891,51.33164063
1062.0,-70.09003906,66.48974609
1063.0,-64.8959375,53.89755859
1064.0,-71.21974609,69.45439453
1065.0,-71.35841797,69.73271484
1066.0,-67.89662109,61.12460938
1067.0,-73.72580078,75.35332031
1068.0,-65.82296875,56.34208984
1069.0,-71.69355469,70.41064453
1070.0,-70.98185547,68.67900391
1071.0,-74.9828125,78.66064453
1072.0,-73.25267578,74.36337891
1073.0,-69.38599609,64.68935547
1074.0,-70.25203125,67.02412109
1075.0,-71.50207031,69.79521484
1076.0,-72.28767578,71.66767578
1077.0,-66.65777344,58.12392578
1078.0,-67.79861328,60.76972656
1079.0,-64.38771484,52.1375
1080.0,-72.08634766,71.39628906
1081.0,-72.08972656,71.25703125
1082.0,-69.05787109,63.81777344
1083.0,-67.79220703,60.87822266
1084.0,-70.23195312,66.70292969
1085.0,-70.72767578,67.93857422
1086.0,-75.62640625,79.96689453
1087.0,-67.28408203,59.40527344
1088.0,-66.99273438,58.66591797
1089.0,-80.06369141,90.64384766
1090.0,-72.2978125,71.71621094
1091.0,-69.74552734,65.36113281
1092.0,-72.13728516,71.24775391
1093.0,-63.49412109,50.03046875
1094.0,-76.80787109,82.60683594
1095.0,-67.27230469,59.16220703
1096.0,-75.59662109,79.66171875
1097.0,-75.92445313,80.65097656
1098.0,-68.8240625,63.07089844
1099.0,-70.23128906,66.42050781
1100.0,-73.76548828,75.18154297
1101.0,-72.33392578,71.790625
1102.0,-73.55681641,74.66230469
1103.0,-66.78572266,57.95917969
1104.0,-63.22988281,49.13916016
1105.0,-71.16210938,68.80371094
1106.0,-71.3403125,69.30537109
1107.0,-73.98970703,75.98867188
1108.0,-70.64244141,67.73525391
1109.0,-65.43357422,54.89619141
1110.0,-70.68056641,67.87451172
1111.0,-66.12177734,56.53613281
1112.0,-66.37925781,57.21279297
1113.0,-70.18970703,66.63027344
1114.0,-76.40443359,81.97177734
1115.0,-73.5053125,74.83505859
1116.0,-74.62615234,77.52851563
1117.0,-67.984375,61.30126953
1118.0,-69.89615234,65.91347656
1119.0,-70.56113281,67.37939453
1120.0,-74.26667969,76.45527344
1121.0,-62.85109375,48.29228516
1122.0,-70.73257813,67.70791016
1123.0,-72.60492188,72.29355469
1124.0,-74.62648437,77.2546875
1125.0,-74.11166016,76.01035156
1126.0,-64.73255859,52.94589844
1127.0,-76.45525391,81.71552734
1128.0,-69.49183594,64.68662109
1129.0,-76.71550781,82.53583984
1130.0,-74.62527344,77.36152344
1131.0,-74.18085938,76.33349609
1132.0,-68.17078125,61.48652344
1133.0,-78.10765625,85.86484375
1134.0,-71.64501953,69.92675781
1135.0,-73.87019531,75.28583984
1136.0,-74.17642578,76.01113281
1137.0,-70.03982422,66.04316406
1138.0,-70.8809375,68.02509766
1139.0,-74.48738281,76.83613281
1140.0,-74.73443359,77.36220703
1141.0,-71.83271484,70.27636719
1142.0,-75.88912109,80.06582031
1143.0,-74.26599609,76.20576172
1144.0,-71.22544922,68.68740234
1145.0,-73.86423828,75.28925781
1146.0,-78.28222656,86.15234375
1147.0,-68.53576172,62.2390625
1148.0,-72.84798828,72.67050781
1149.0,-78.66882812,87.12128906
1150.0,-79.51394531,89.221875
1151.0,-77.46873047,84.02949219
1152.0,-68.05123047,60.82753906
1153.0,-70.80779297,67.56269531
1154.0,-67.46988281,59.36318359
1155.0,-73.75648438,74.88925781
1156.0,-70.37871094,66.54248047
1157.0,-68.98148438,63.18613281
1158.0,-70.10794922,65.94736328
1159.0,-71.05523438,68.10927734
1160.0,-66.68443359,57.52041016
1161.0,-66.67185547,57.16669922
1162.0,-72.07845703,70.57578125
1163.0,-70.38580078,66.62734375
1164.0,-70.91765625,67.91669922
1165.0,-73.39337891,74.06816406
1166.0,-66.40695313,56.69121094
1167.0,-74.88091797,77.56240234
1168.0,-65.06458984,53.49521484
1169.0,-70.75847656,67.50654297
1170.0,-62.33132813,46.6828125
1171.0,-71.48390625,68.93925781
1172.0,-78.08689453,85.43574219
1173.0,-66.85371094,57.69824219
1174.0,-68.77386719,62.40341797
1175.0,-70.91791016,67.87705078
1176.0,-72.95863281,72.70664062
1177.0,-70.36875,66.41748047
1178.0,-61.40066406,44.43427734
1179.0,-76.34775391,81.23681641
1180.0,-67.94144531,60.43710937
1181.0,-70.25445313,66.37587891
1182.0,-73.06455078,73.02880859
1183.0,-74.77208984,77.10966797
1184.0,-68.13582031,60.99384766
1185.0,-72.63412109,72.17490234
1186.0,-72.57451172,71.85986328
1187.0,-68.76261719,62.45341797
1188.0,-71.47683594,69.21699219
1189.0,-77.49419922,83.75136719
1190.0,-70.298125,66.21650391
1191.0,-68.60433594,62.18710938
1192.0,-72.74978516,72.23457031
1193.0,-69.70269531,64.76210938
1194.0,-73.83625,74.82988281
1195.0,-68.04585937,60.60537109
1196.0,-67.28304688,58.87167969
1197.0,-71.66111328,69.60566406
1198.0,-77.36785156,83.534375
1199.0,-68.94074219,62.86943359
1200.0,-67.39667969,59.21191406
1201.0,-67.10746094,58.30576172
1202.0,-74.54886719,76.52597656
1203.0,-65.77271484,55.14101563
1204.0,-71.49046875,69.10458984
1205.0,-72.62660156,71.98886719
1206.0,-68.77945313,62.40273438
1207.0,-74.13246094,75.71689453
1208.0,-73.98292969,75.30644531
1209.0,-72.19335938,70.85205078
1210.0,-68.90980469,62.83847656
1211.0,-70.89894531,67.62578125
1212.0,-71.42515625,69.00478516
1213.0,-73.41269531,73.76855469
1214.0,-71.94261719,70.12265625
1215.0,-68.79679688,62.44365234
1216.0,-78.22492188,85.76738281
1217.0,-74.84568359,77.34003906
1218.0,-72.28871094,71.12949219
1219.0,-76.66792969,81.93837891
1220.0,-77.74697266,84.52246094
1221.0,-77.46332031,83.76328125
1222.0,-68.74871094,62.40888672
1223.0,-73.20242188,73.44550781
1224.0,-74.48916016,76.49511719
1225.0,-65.89978516,55.42451172
1226.0,-71.89285156,70.04951172
1227.0,-69.65457031,64.49775391
1228.0,-66.54042969,56.91992188
1229.0,-69.65087891,64.52880859
1230.0,-70.77292969,67.33515625
1231.0,-70.57384766,66.809375
1232.0,-75.25738281,78.33144531
1233.0,-74.21185547,75.79208984
1234.0,-75.47121094,78.80742188
1235.0,-72.09728516,70.51298828
1236.0,-75.07488281,77.87275391
1237.0,-68.11484375,60.56787109
1238.0,-74.46365234,76.26044922
1239.0,-71.17580078,68.16777344
1240.0,-69.12539063,63.31152344
1241.0,-74.90925781,77.46601563
1242.0,-80.88898438,92.10283203
1243.0,-74.71435547,76.90673828
1244.0,-79.32332031,88.4328125
1245.0,-73.96900391,74.93837891
1246.0,-72.83205078,72.29619141
1247.0,-72.4896875,71.61240234
1248.0,-66.25591797,56.14394531
1249.0,-73.73408203,74.68066406
1250.0,-75.888125,79.92294922
1251.0,-67.86279297,60.27099609
1252.0,-68.14025391,60.75712891
1253.0,-74.71636719,77.08144531
1254.0,-86.40458984,105.6586914
1255.0,-72.74050781,72.19550781
1256.0,-67.05425781,58.06533203
1257.0,-75.81457031,79.80986328
1258.0,-72.2065625,70.90214844
1259.0,-70.9325,67.73164063
1260.0,-78.06912109,85.14228516
1261.0,-72.2625,71.02490234
1262.0,-75.53404297,78.94130859
1263.0,-69.50626953,64.13066406
1264.0,-70.76970703,67.36738281
1265.0,-77.24359375,83.24570312
1266.0,-72.39388672,71.15439453
1267.0,-73.09888672,72.89980469
1268.0,-77.81017578,84.48271484
1269.0,-71.82126953,69.85957031
1270.0,-70.17871094,65.73486328
1271.0,-74.87789063,77.14589844
1272.0,-68.84560547,62.30810547
1273.0,-72.53125,71.57470703
1274.0,-69.57183594,64.19326172
1275.0,-74.34957031,75.95449219
1276.0,-73.70701172,74.35175781
1277.0,-70.38638672,66.02333984
1278.0,-67.88988281,60.22275391
1279.0,-79.84345703,89.42431641
1280.0,-68.30255859,61.23369141
1281.0,-72.75935547,71.98261719
1282.0,-73.54978516,74.14179688
1283.0,-79.10337891,87.80361328
1284.0,-69.33279297,63.76777344
1285.0,-68.56541016,61.50996094
1286.0,-68.94263672,62.65322266
1287.0,-70.40736328,66.24423828
1288.0,-72.71642578,72.04619141
1289.0,-71.97662109,70.20888672
1290.0,-69.49976563,64.14003906
1291.0,-77.80509766,84.50175781
1292.0,-69.16310547,63.08476563
1293.0,-71.60224609,69.13134766
1294.0,-69.01806641,63.01025391
1295.0,-74.79484375,76.85771484
1296.0,-68.89363281,62.49042969
1297.0,-71.18890625,68.12607422
1298.0,-69.51650391,64.12207031
1299.0,-71.72019531,69.41767578
1300.0,-69.10167969,62.97636719
1301.0,-68.0090625,60.21552734
1302.0,-70.16025391,65.79248047
1303.0,-70.18990234,65.62490234
1304.0,-76.72345703,81.74394531
1305.0,-70.88025391,67.40449219
1306.0,-70.25517578,65.90039063
1307.0,-72.07736328,70.37041016
1308.0,-68.01082031,60.32734375
1309.0,-74.03371094,75.03544922
1310.0,-67.95990234,60.18417969
1311.0,-71.94246094,70.08076172
1312.0,-74.80720703,76.98261719
1313.0,-74.30658203,75.83847656
1314.0,-78.96369141,87.15654297
1315.0,-65.08824219,53.12587891
1316.0,-71.16785156,68.19550781
1317.0,-76.20240234,80.7171875
1318.0,-76.16144531,80.42314453
1319.0,-67.23853516,58.55654297
1320.0,-70.14671875,65.74765625
1321.0,-71.98890625,70.03330078
1322.0,-70.20025391,65.70693359
1323.0,-70.12240234,65.41953125
1324.0,-75.18044922,77.8546875
1325.0,-73.35966797,73.47119141
1326.0,-74.18876953,75.43164063
1327.0,-82.55818359,96.0890625
1328.0,-76.60009766,81.33056641
1329.0,-72.15132812,70.43935547
1330.0,-70.58699219,66.57734375
1331.0,-68.30857422,60.94111328
1332.0,-77.5265625,83.77978516
1333.0,-76.66880859,81.63662109
1334.0,-80.68376953,91.44697266
1335.0,-72.04210938,70.20537109
1336.0,-71.81589844,69.83759766
1337.0,-77.15351563,82.75195313
1338.0,-69.78546875,64.71757813
1339.0,-75.38349609,78.48193359
1340.0,-70.67542969,66.73740234
1341.0,-72.42160156,71.21513672
1342.0,-70.09423828,65.42236328
1343.0,-74.57390625,76.56660156
1344.0,-78.72363281,86.64306641
1345.0,-73.52496094,73.82460938
1346.0,-75.74208984,79.15136719
1347.0,-67.65035156,59.475
1348.0,-75.58279297,78.85566406
1349.0,-71.60457031,68.98212891
1350.0,-73.13396484,72.7921875
1351.0,-70.97001953,67.32861328
1352.0,-68.64523438,61.84746094
1353.0,-75.33513672,78.45869141
1354.0,-74.51158203,76.23623047
1355.0,-70.21759766,65.75029297
1356.0,-67.081875,57.89267578
1357.0,-75.70691406,79.07441406
1358.0,-78.21351563,85.46787109
1359.0,-71.88646484,69.91513672
1360.0,-72.68169922,71.82509766
1361.0,-70.79839844,67.20351563
1362.0,-68.72814453,62.03886719
1363.0,-72.63009766,71.52275391
1364.0,-69.96818359,65.26591797
1365.0,-65.56476563,54.08037109
1366.0,-72.48517578,71.64628906
1367.0,-70.12832031,65.46484375
1368.0,-71.88724609,69.69980469
1369.0,-70.77953125,67.04892578
1370.0,-70.85566406,67.15869141
1371.0,-73.77363281,74.35107422
1372.0,-71.18941406,67.84169922
1373.0,-70.13970703,65.55068359
1374.0,-68.02335938,60.36113281
1375.0,-70.80501953,67.08212891
1376.0,-71.96,69.92197266
1377.0,-70.55759766,66.49287109
1378.0,-72.53115234,71.44873047
1379.0,-71.69197266,69.36298828
1380.0,-75.53994141,78.81201172
1381.0,-68.39703125,61.11708984
1382.0,-71.83529297,69.66513672
1383.0,-70.19683594,65.76064453
1384.0,-71.09005859,68.05839844
1385.0,-74.98001953,77.46347656
1386.0,-69.76316406,64.57148438
1387.0,-74.50927734,76.16455078
1388.0,-84.70640625,101.2801758
1389.0,-74.63,76.49443359
1390.0,-73.12498047,72.87714844
1391.0,-72.83183594,72.1796875
1392.0,-78.13160156,85.15322266
1393.0,-72.79322266,71.96230469
1394.0,-74.90613281,77.13837891
1395.0,-66.59050781,56.74238281
1396.0,-67.83431641,59.91904297
1397.0,-71.91412109,69.79628906
1398.0,-74.75402344,76.82646484
1399.0,-65.42318359,53.76181641
1400.0,-72.05609375,70.228125
1401.0,-76.30871094,80.76445313
1402.0,-72.30375,70.75205078
1403.0,-76.04601563,79.89775391
1404.0,-71.31966797,68.33212891
1405.0,-70.51814453,66.36005859
1406.0,-70.21617188,65.60390625
1407.0,-73.14373047,72.85078125
1408.0,-72.08914063,70.26191406
1409.0,-70.02732422,65.27705078
1410.0,-75.46654297,78.6578125
1411.0,-74.77746094,76.92412109
1412.0,-65.22160156,53.25664063
1413.0,-69.19210938,63.12675781
1414.0,-70.82816406,66.98007813
1415.0,-72.28615234,70.85087891
1416.0,-74.34263672,75.66982422
1417.0,-68.68208984,61.96035156
1418.0,-70.03505859,65.29150391
1419.0,-74.51822266,76.33828125
1420.0,-66.00777344,55.24160156
1421.0,-70.29173828,65.728125
1422.0,-69.77564453,64.62587891
1423.0,-77.99931641,84.77246094
1424.0,-70.00291016,65.14277344
1425.0,-73.15476563,72.82099609
1426.0,-72.55488281,71.28466797
1427.0,-69.98277344,64.99355469
1428.0,-75.13921875,77.56972656
1429.0,-85.69636719,103.8673828
1430.0,-72.76724609,71.96328125
1431.0,-68.9621875,62.54462891
1432.0,-71.52796875,69.03964844
1433.0,-72.38591797,70.93427734
1434.0,-76.08533203,80.21210938
1435.0,-68.76236328,62.05849609
1436.0,-73.01189453,72.42597656
1437.0,-75.09496094,77.58847656
1438.0,-70.00660156,65.12636719
1439.0,-60.46234375,41.59042969
1440.0,-68.91857422,62.42949219
1441.0,-63.87478516,49.98603516
1442.0,-73.51101563,73.79707031
1443.0,-71.10037109,67.81318359
1444.0,-66.75117187,57.23193359
1445.0,-66.69412109,56.93916016
1446.0,-78.62005859,86.27548828
1447.0,-68.43585938,61.21904297
1448.0,-72.26644531,70.64169922
1449.0,-71.37632813,68.52382813
1450.0,-69.30482422,63.29013672
1451.0,-76.55759766,81.23652344
1452.0,-73.71867188,74.38457031
1453.0,-70.03462891,65.25136719
1454.0,-71.63273438,68.97441406
1455.0,-69.29648438,63.27050781
1456.0,-72.98267578,72.36513672
1457.0,-73.43382812,73.52353516
1458.0,-64.77142578,52.33994141
1459.0,-65.59855469,54.23808594
1460.0,-74.15394531,75.36044922
1461.0,-75.05822266,77.50029297
1462.0,-69.04599609,62.89941406
1463.0,-79.14576172,87.54091797
1464.0,-68.90394531,62.56015625
1465.0,-74.90322266,77.21533203
1466.0,-75.79279297,79.31962891
1467.0,-66.62917969,56.78046875
1468.0,-70.98890625,67.52597656
1469.0,-78.21728516,85.39550781
1470.0,-71.30208984,68.38095703
1471.0,-75.61693359,78.93125
1472.0,-71.59666016,68.98798828
1473.0,-70.97925781,67.51162109
1474.0,-69.68544922,64.27832031
1475.0,-74.65757813,76.63417969
1476.0,-73.34671875,73.56943359
1477.0,-64.77640625,52.33896484
1478.0,-69.56515625,63.94462891
1479.0,-71.71513672,69.39160156
1480.0,-68.31386719,61.11914063
1481.0,-70.90869141,67.32177734
1482.0,-73.18419922,72.91777344
1483.0,-72.34710938,70.93857422
1484.0,-69.88912109,64.72402344
1485.0,-71.52816406,68.93271484
1486.0,-78.68144531,86.55712891
1487.0,-67.67632813,59.18349609
1488.0,-75.68501953,79.19179688
1489.0,-64.335625,51.37617188
1490.0,-71.25880859,68.20195313
1491.0,-70.13685547,65.47763672
1492.0,-77.63875,83.90400391
1493.0,-73.11152344,72.75439453
1494.0,-71.57271484,69.04775391
1495.0,-76.25552734,80.57167969
1496.0,-71.18767578,68.06074219
1497.0,-67.07486328,57.86660156
1498.0,-70.49748047,66.45732422
1499.0,-77.87003906,84.36015625
1500.0,-68.91294922,62.41298828
