Number of Iterations,Reward,Lost Data
1,-140.2528906,285.5345703
2,-138.4754688,280.8517578
3,-137.3114844,278.1859375
4,-137.0914844,277.1867187
5,-139.5304297,283.3646484
6,-138.2107813,280.009375
7,-139.3348828,282.8416016
8,-139.2380078,283.4197266
9,-136.2939063,275.2904297
10,-134.7380859,270.5927734
11,-136.4767188,275.3910156
12,-132.8337109,265.4070313
13,-133.5623828,267.2970703
14,-132.2496875,264.0568359
15,-131.9162109,263.4697266
16,-132.1813281,264.08125
17,-130.4671484,258.9242188
18,-128.9164844,255.1427734
19,-128.8424609,255.3166016
20,-129.8481641,257.6599609
21,-127.8742188,252.5322266
22,-126.835625,249.55
23,-125.3548828,245.7089844
24,-140.4364844,285.3783203
25,-137.7314844,278.8990234
26,-138.0522656,279.2664063
27,-134.4967188,270.1822266
28,-135.9813281,273.7082031
29,-135.7283203,272.5361328
30,-132.4605859,264.7769531
31,-132.6673438,265.2279297
32,-131.7216406,262.9515625
33,-130.1660547,259.2652344
34,-128.2211719,253.2433594
35,-128.4503906,254.0458984
36,-128.9599609,254.7607422
37,-126.6455859,249.2384766
38,-126.6266797,248.4685547
39,-125.0797266,243.9712891
40,-124.8157422,243.3601563
41,-122.6642969,237.6177734
42,-122.0738281,236.3808594
43,-119.7745313,230.48125
44,-119.7267969,229.9957031
45,-120.0974609,230.4853516
46,-116.8232813,222.321875
47,-116.3673047,220.4373047
48,-113.7969141,213.4791016
49,-114.7419141,216.0955078
50,-113.0210938,211.7421875
51,-111.7215234,208.2710938
52,-111.1465625,206.5822266
53,-110.1191406,203.59375
54,-111.1353906,205.6216797
55,-110.4972266,203.7699219
56,-108.8807422,199.6798828
57,-108.5010547,198.5646484
58,-106.8903516,194.4695313
59,-106.0295313,192.1294922
60,-105.7496484,190.6460937
61,-105.2848047,189.0982422
62,-103.4014453,183.4132813
63,-102.4142188,181.1722656
64,-102.7667969,182.3076172
65,-102.5376563,180.9779297
66,-98.6021875,170.2310547
67,-99.09484375,171.5115234
68,-96.405625,164.3783203
69,-139.0889062,282.4878906
70,-138.6458203,281.2507813
71,-138.3436328,280.3048828
72,-136.7092188,276.5435547
73,-137.6658203,278.3564453
74,-137.2437109,277.9798828
75,-137.6020703,279.4177734
76,-139.2355859,282.4419922
77,-136.8563672,276.9675781
78,-138.5526172,281.2277344
79,-139.0503516,282.7113281
80,-138.4071484,281.4011719
81,-137.9410156,279.4667969
82,-134.44125,269.9996094
83,-135.3826953,272.5363281
84,-135.0223438,272.0724609
85,-134.808125,271.7908203
86,-134.5472266,270.4183594
87,-133.9053125,268.4302734
88,-133.2688672,266.8269531
89,-131.5876563,262.5580078
90,-133.9751563,269.2787109
91,-133.575,267.1650391
92,-132.7184766,265.2068359
93,-132.7530078,265.5666016
94,-131.3741016,261.7921875
95,-132.0777344,264.2568359
96,-129.9108984,258.1488281
97,-133.7899219,268.0978516
98,-130.5066406,259.8652344
99,-131.8714844,263.0917969
100,-129.9234766,258.4439453
101,-323.0452734,741.0970703
102,-130.8733203,260.1740234
103,-129.2805469,255.9796875
104,-129.0333594,255.3617188
105,-128.6128906,253.4511719
106,-129.5672656,256.6330078
107,-128.8372266,254.2488281
108,-129.9174219,257.7574219
109,-128.2671484,253.4486328
110,-128.1160938,252.2042969
111,-127.0978125,249.7269531
112,-127.2964844,250.3115234
113,-127.7635938,251.8699219
114,-126.6842578,248.5587891
115,-126.9392578,249.0107422
116,-125.2001953,244.5605469
117,-138.3117009,280.5831378
118,-137.5536657,278.8365103
119,-137.2700293,277.9294721
120,-137.2052786,276.9208211
121,-134.6424047,270.3743402
122,-136.7502933,275.744868
123,-135.2668328,272.4064516
124,-133.631173,267.8994135
125,-133.2672727,267.2297654
126,-132.6522287,265.3127566
127,-130.6405865,260.1205279
128,-282.2051906,639.0595308
129,-130.4238123,259.4576246
130,-130.1148094,258.2214076
131,-128.5440762,254.4045455
132,-128.2780645,253.5030792
133,-125.9614663,246.9967742
134,-125.0997947,244.9800587
135,-124.0754839,241.8492669
136,-123.1791202,239.0218475
137,-123.7816129,241.3107038
138,-123.1341642,238.9552786
139,-121.7280938,235.141349
140,-122.0434018,236.4171554
141,-117.0594135,222.1829912
142,-116.7470381,221.5230205
143,-116.5824633,221.0639296
144,-118.9729912,227.2766862
145,-112.8272141,210.6860704
146,-113.9966569,213.1917889
147,-113.9209384,213.3104106
148,-115.0446041,216.7995601
149,-113.5896774,212.8304985
150,-112.2946334,208.2934018
151,-109.2119648,200.4492669
152,-109.4796188,200.5923754
153,-110.9781232,204.0765396
154,-109.7020821,200.6829912
155,-110.4307625,202.764956
156,-106.3703519,191.8441349
157,-106.0153959,190.483871
158,-105.2924927,189.0303519
159,-105.6555132,189.4118768
160,-104.207478,185.318915
161,-103.5364809,183.1447214
162,-100.5499707,175.9753666
163,-100.7786804,176.4866569
164,-101.1831085,178.1997067
165,-102.6791202,181.7857771
166,-99.44759531,172.1032258
167,-101.6493842,178.4526393
168,-98.32143695,169.5737537
169,-96.79941349,165.9831378
170,-103.6662463,184.0538123
171,-98.06278592,168.4249267
172,-96.48645161,163.5695015
173,-96.22,162.9290323
174,-95.35841642,160.9693548
175,-94.2172434,157.2916422
176,-90.66052786,148.3045455
177,-90.36357771,146.2865103
178,-89.84228739,146.05
179,-92.68331378,152.9674487
180,-91.64296188,149.2741935
181,-89.6926393,144.3617302
182,-87.60879765,139.3592375
183,-87.8701173,139.490176
184,-89.24120235,143.9992669
185,-90.59307918,146.3397361
186,-86.8088563,136.6445748
187,-87.10313783,136.2604106
188,-88.68979472,139.9979472
189,-88.95249267,141.3951613
190,-88.41258065,139.4607038
191,-86.87167155,134.701173
192,-85.06956012,130.7164223
193,-88.65079179,141.1980938
194,-83.37853372,127.141349
195,-83.45545455,126.4483871
196,-85.48970674,131.6366569
197,-86.96395894,134.8054252
198,-83.72706745,125.2285924
199,-81.70923754,120.5615836
200,-84.25677419,128.1089443
201,-81.77316716,121.1429619
202,-81.11868035,119.0558651
203,-82.13668622,120.8457478
204,-80.2686217,116.005132
205,-82.51938416,121.3809384
206,-84.7056305,126.5917889
207,-81.26255132,117.0695015
208,-79.77674487,113.890176
209,-87.10152493,132.0536657
210,-85.24645161,126.2356305
211,-79.68580645,112.8068915
212,-79.63542522,111.9881232
213,-80.07378299,112.9410557
214,-77.66961877,106.5127566
215,-76.92800587,104.9464809
216,-77.5359824,105.8909091
217,-83.44542522,121.5002933
218,-84.38791789,125.0423754
219,-77.53035191,105.9208211
220,-78.52747801,107.7354839
221,-79.69099707,111.0695015
222,-78.8642522,109.3875367
223,-82.22348974,117.7782991
224,-84.92111437,122.4824047
225,-75.61777126,100.0708211
226,-80.61683284,114.0127566
227,-77.07290323,104.1412023
228,-77.41316716,105.1916422
229,-75.97809384,101.2227273
230,-82.78266862,117.105132
231,-79.81155425,109.0743402
232,-74.021261,94.6297654
233,-76.99615836,102.7524927
234,-76.15759531,99.84780059
235,-73.58255132,93.70894428
236,-77.72202346,103.3318182
237,-78.85791789,106.5967742
238,-71.21234604,86.68739003
239,-77.41041056,101.8526393
240,-78.25648094,104.2152493
241,-190.5171554,384.6854839
242,-80.90008798,110.5328446
243,-78.68281525,104.8228739
244,-80.93134897,111.3807918
245,-71.64958944,87.49457478
246,-78.30759531,103.3771261
247,-78.36498534,104.1529326
248,-73.76460411,91.99398827
249,-75.31173021,95.90029326
250,-76.91607038,99.55190616
251,-74.92636364,94.6931085
252,-78.4740176,103.578739
253,-71.75173021,86.36612903
254,-73.5327566,91.20909091
255,-76.93222874,99.84706745
256,-80.69648094,108.7719941
257,-79.73252199,106.3785924
258,-77.1872434,99.61217009
259,-74.73809384,94.25909091
260,-75.74067449,95.37258065
261,-72.12319648,86.50117302
262,-72.25513196,86.38929619
263,-76.52601173,97.5888563
264,-77.81134897,99.84178886
265,-79.21196481,103.4111437
266,-75.88970674,95.28328446
267,-75.9016129,95.07844575
268,-73.10580645,88.178739
269,-74.03697947,91.29296188
270,-79.8273607,104.9734604
271,-71.74953079,84.56260997
272,-71.22343109,83.75322581
273,-75.7144868,94.41451613
274,-76.2001173,96.24076246
275,-73.40639296,88.43900293
276,-74.25102639,90.53958944
277,-73.74636364,90.23651026
278,-74.04381232,89.67697947
279,-75.97152493,94.97096774
280,-71.7459824,85.17507331
281,-73.76548387,88.95
282,-78.99363636,101.9030792
283,-75.17958944,92.98196481
284,-75.66205279,94.04882698
285,-74.21129032,90.09017595
286,-79.58155425,103.490176
287,-73.47032258,88.29457478
288,-77.19521994,96.92683284
289,-73.87431085,88.67404692
290,-73.80554252,88.51495601
291,-76.57595308,95.78005865
292,-73.53747801,86.84222874
293,-75.7759824,92.62727273
294,-74.98920821,90.59985337
295,-81.38627566,106.379912
296,-75.50868035,91.05542522
297,-71.70609971,81.84956012
298,-75.52120235,90.83929619
299,-73.97920821,87.93739003
300,-74.79460411,89.19325513
301,-71.01835777,79.86627566
302,-76.09243402,92.59178886
303,-72.5059824,83.08680352
304,-64.14428152,62.18621701
305,-72.33545455,82.15278592
306,-74.89067449,88.56832845
307,-71.65073314,81.1356305
308,-78.69677419,97.69134897
309,-75.96454545,91.00557185
310,-70.62607038,77.77668622
311,-75.61727273,89.80747801
312,-71.39756598,79.70909091
313,-69.54102639,75.41964809
314,-77.99,95.4643695
315,-76.75181818,92.52653959
316,-73.54372434,84.41099707
317,-78.52032258,96.85615836
318,-71.69865103,79.54721408
319,-74.38809384,86.50175953
320,-79.86876833,99.78739003
321,-71.80178886,79.92785924
322,-70.28692082,76.1058651
323,-75.32721408,88.66627566
324,-72.91730205,83.49560117
325,-71.09334311,77.80483871
326,-71.48747801,78.96246334
327,-69.0529912,73.01920821
328,-77.19208211,92.54032258
329,-69.07879765,72.80879765
330,-72.61944282,81.7813783
331,-73.4155132,83.27302053
332,-68.06624633,69.621261
333,-74.74800587,86.31466276
334,-77.11595308,92.08607038
335,-76.61281525,90.90703812
336,-70.58768328,75.96334311
337,-69.80797654,73.91143695
338,-78.14381232,94.24882698
339,-72.52231672,80.39120235
340,-71.68017595,78.46730205
341,-75.75668622,88.58709677
342,-71.73038123,78.47184751
343,-82.08390029,103.8002933
344,-76.22695015,89.38152493
345,-73.74073314,83.33460411
346,-69.40014663,72.22653959
347,-76.08583578,88.84912023
348,-70.07677419,73.67434018
349,-71.92583578,78.3941349
350,-73.27656891,81.22844575
351,-71.71897361,77.09985337
352,-71.3985044,76.7898827
353,-79.34662757,96.04985337
354,-68.99454545,70.12932551
355,-68.71445748,69.3026393
356,-74.94897361,84.98973607
357,-70.90630499,74.99120235
358,-76.25369501,88.70791789
359,-77.83354839,92.79501466
360,-71.07627566,75.40146628
361,-147.5041056,266.2382698
362,-78.6113783,93.54457478
363,-71.78656891,76.58519062
364,-69.23624633,70.23504399
365,-75.70070381,86.26422287
366,-76.70173021,88.89692082
367,-77.85158358,91.33533724
368,-77.68155425,90.81129032
369,-75.00835777,84.25659824
370,-68.71835777,69.16026393
371,-70.70478006,73.17507331
372,-72.06014663,76.92272727
373,-75.96777126,86.03929619
374,-71.48290323,75.21935484
375,-61.97982405,52.05
376,-70.0797654,71.91495601
377,-80.80170088,98.11129032
378,-69.95914956,71.54560117
379,-68.02140762,66.43548387
380,-74.89272727,83.49648094
381,-76.02307918,86.61744868
382,-73.62170088,81.71187683
383,-67.51029326,65.45645161
384,-67.96741935,66.49296188
385,-72.52108504,77.82580645
386,-76.34615836,86.78914956
387,-70.05173021,71.46730205
388,-72.25058651,76.92961877
389,-76.65568915,87.85806452
390,-69.20835777,69.30571848
391,-68.878739,68.48167155
392,-73.49164223,80.05058651
393,-72.80909091,78.59164223
394,-69.16973607,69.2
395,-81.3644868,99.43211144
396,-75.61914956,85.2483871
397,-62.94278592,54.05967742
398,-73.588739,79.82228739
399,-73.6101173,79.74560117
400,-73.7031085,80.03123167
401,-69.17982405,68.73035191
402,-69.61565982,69.64398827
403,-71.84404692,74.71642229
404,-70.22785924,71.29545455
405,-75.57642229,84.15366569
406,-70.74536657,72.4297654
407,-76.89985337,87.66202346
408,-77.85507331,89.90527859
409,-76.8602346,87.35219941
410,-68.97791789,67.53826979
411,-72.89527859,77.37932551
412,-78.67865103,91.32639296
413,-67.5216129,63.89750733
414,-70.43390029,70.74017595
415,-76.89381232,87.04208211
416,-69.19190616,68.2143695
417,-68.76560117,67.06612903
418,-75.85762463,84.16935484
419,-72.54008798,75.92316716
420,-77.30671554,87.68944282
421,-69.25489736,67.39677419
422,-71.61665689,73.65307918
423,-70.39041056,70.71026393
424,-72.27565982,74.97067449
425,-73.28492669,77.49384164
426,-75.44269795,82.76363636
427,-71.29090909,72.50879765
428,-70.29184751,70.15410557
429,-72.89222874,76.46627566
430,-78.08727273,88.76656891
431,-67.65756598,63.11935484
432,-72.57316716,75.29105572
433,-70.84319648,71.40967742
434,-71.68730205,72.95542522
435,-72.44067449,74.61891496
436,-73.91460411,78.75278592
437,-68.99008798,66.12624633
438,-75.9388563,83.26906158
439,-68.62982405,65.70395894
440,-69.61703812,67.68079179
441,-70.90970674,70.6228739
442,-71.23076246,71.53548387
443,-76.21592375,83.87741935
444,-68.74633431,65.50953079
445,-69.24079179,66.38826979
446,-73.32457478,76.66187683
447,-78.61170088,89.5516129
448,-78.16645161,88.52829912
449,-70.66900293,70.04677419
450,-71.39900293,71.40439883
451,-71.64304985,72.17214076
452,-68.15956012,63.61187683
453,-75.40668622,81.67653959
454,-73.85841642,77.4356305
455,-71.29472141,71.18035191
456,-72.04815249,73.18123167
457,-72.23923754,73.40601173
458,-71.71521994,72.14545455
459,-75.27049853,80.95483871
460,-73.71469208,77.05982405
461,-67.20225806,60.68709677
462,-74.05932551,77.78577713
463,-70.52278592,69.08005865
464,-65.77243402,56.95307918
465,-69.2185044,65.51876833
466,-76.21041056,82.91422287
467,-64.96158358,55.43914956
468,-69.28434018,65.65219941
469,-67.15205279,60.52859238
470,-75.60252199,81.13240469
471,-72.36129032,73.57184751
472,-61.96155425,47.7356305
473,-71.30785924,70.78797654
474,-82.6185044,98.86480938
475,-73.30545455,75.50703812
476,-73.06419355,74.77375367
477,-66.81055718,59.53005865
478,-69.07316716,65.03445748
479,-72.13507331,72.85234604
480,-65.16164223,55.55806452
481,-72.65214076,73.72346041
482,-73.48577713,75.75439883
483,-71.07797654,69.81554252
484,-71.24067449,70.33225806
485,-64.57656891,53.84061584
486,-70.25653959,67.97639296
487,-67.77797654,61.59120235
488,-72.56568915,73.60630499
489,-74.86375367,79.28914956
490,-69.79442815,66.55351906
491,-71.39589443,70.20527859
492,-72.91771261,74.31041056
493,-76.06970674,82.00527859
494,-73.01765396,74.54193548
495,-68.49325513,63.48753666
496,-74.09269795,77.07741935
497,-79.17568915,89.66026393
498,-71.34545455,70.35043988
499,-68.56533724,63.68240469
500,-69.16038123,65.27815249
501,-67.80744868,61.83900293
502,-73.03636364,74.85997067
503,-76.57900293,83.56260997
504,-68.1855132,63.26803519
505,-74.45014663,78.25513196
506,-76.39991202,83.29633431
507,-65.57741935,56.5388563
508,-72.62791789,73.51260997
509,-69.18733138,65.28870968
510,-68.92155425,64.54178886
511,-77.23741935,85.35527859
512,-76.95721408,84.50997067
513,-71.58395894,71.20146628
514,-67.24876833,60.68240469
515,-64.93718475,55.02258065
516,-75.37618768,80.65454545
517,-76.00052786,82.16041056
518,-77.57190616,85.9202346
519,-68.8642522,64.67346041
520,-73.33583578,75.90923754
521,-74.72475073,78.9159824
522,-77.87926686,86.77111437
523,-71.33841642,70.38416422
524,-65.03809384,54.92844575
525,-74.75093842,79.02360704
526,-77.69017595,86.36803519
527,-71.87721408,71.91994135
528,-73.58199413,76.30469208
529,-67.23363636,60.62991202
530,-65.37835777,56.01920821
531,-76.20516129,82.57302053
532,-64.8727566,54.73870968
533,-76.27747801,82.66950147
534,-78.11340176,86.97888563
535,-73.89222874,77.06744868
536,-71.76346041,71.69237537
537,-70.94859238,69.58372434
538,-68.86651026,64.24472141
539,-69.80970674,66.75483871
540,-70.90759531,69.75249267
541,-68.95970674,64.39706745
542,-70.50202346,68.36099707
543,-68.97994135,64.62360704
544,-66.42750733,58.21686217
545,-68.7116129,64.2973607
546,-75.12240469,79.85879765
547,-69.77527859,66.67609971
548,-71.87434018,71.85777126
549,-74.7811437,78.66656891
550,-76.98847507,84.25821114
551,-75.76284457,81.44340176
552,-63.76832845,51.80718475
553,-70.94029326,69.71876833
554,-70.84480938,69.53870968
555,-71.2741349,69.98519062
556,-69.45956012,65.8611437
557,-74.18580645,77.3670088
558,-73.52621701,75.72536657
559,-62.03170088,47.23651026
560,-67.4456305,60.85381232
561,-72.06475073,72.00938416
562,-68.21961877,62.51202346
563,-71.72809384,71.0101173
564,-74.51917889,78.29941349
565,-70.78260997,68.78387097
566,-72.9842522,74.22932551
567,-65.44102639,55.92478006
568,-64.41099707,53.18108504
569,-68.34803519,63.04017595
570,-75.48510264,80.26334311
571,-69.37651026,65.20630499
572,-68.60419355,63.3744868
573,-76.10651026,81.91950147
574,-71.01991202,69.39178886
575,-64.80806452,54.08577713
576,-69.16818182,64.83211144
577,-75.83651026,81.44794721
578,-71.0658651,69.66246334
579,-73.44844575,75.50527859
580,-74.65196481,78.06686217
581,-67.83002933,61.36026393
582,-78.41923754,87.80029326
583,-84.9543695,103.5222874
584,-69.60633431,65.84134897
585,-65.68516129,56.39765396
586,-69.89038123,66.63211144
587,-75.19627566,79.55777126
588,-70.60507331,68.13475073
589,-70.38894428,67.78870968
590,-73.09609971,74.50527859
591,-62.44178886,48.11876833
592,-75.21958944,79.5042522
593,-79.62369501,90.58049853
594,-85.64592375,105.251173
595,-83.76395894,100.9403226
596,-69.73486804,66.11686217
597,-67.85604106,61.41246334
598,-76.96313783,83.67434018
599,-74.49331378,77.57859238
600,-73.74313783,75.81495601
601,-74.79662757,78.55131965
602,-65.11243402,54.5186217
603,-74.56108504,77.78284457
604,-70.26302053,67.14032258
605,-70.3586217,67.2840176
606,-79.61501466,90.15923754
607,-75.09583578,78.87228739
608,-72.76337243,73.25190616
609,-65.48111437,55.32668622
610,-70.84645161,68.41378299
611,-76.9902346,83.51847507
612,-71.60466276,70.26715543
613,-70.1941349,67.00659824
614,-70.58111437,67.79076246
615,-72.9957478,73.51026393
616,-78.79888563,87.71568915
617,-72.68583578,72.69882698
618,-71.92184751,71.26173021
619,-70.35102639,66.94428152
620,-67.6643695,60.50073314
621,-64.12190616,51.68856305
622,-69.42090909,64.98739003
623,-77.11208211,83.70395894
624,-76.35844575,81.79604106
625,-69.62609971,65.08797654
626,-70.19079179,66.84794721
627,-66.78501466,58.18504399
628,-67.68929619,60.28079179
629,-75.8288563,80.74882698
630,-74.71912023,77.79120235
631,-70.92173021,68.28856305
632,-73.93973607,75.99486804
633,-71.1601173,68.75806452
634,-71.13692082,68.60659824
635,-66.42868035,57.04677419
636,-79.32302053,89.00219941
637,-74.12674487,76.02067449
638,-64.14741935,51.56539589
639,-74.56818182,77.31304985
640,-80.18170088,90.97478006
641,-67.42780059,59.55923754
642,-71.78739003,70.42155425
643,-73.53835777,74.66334311
644,-72.23818182,71.51920821
645,-71.75695015,70.13651026
646,-71.21131965,68.96304985
647,-70.78527859,67.92727273
648,-73.49190616,74.33826979
649,-71.25530792,68.90439883
650,-71.92686217,70.71524927
651,-69.8229912,65.33460411
652,-65.99035191,56.14340176
653,-68.61228739,62.52595308
654,-72.06480938,70.90615836
655,-70.93498534,68.31803519
656,-70.13354839,65.9973607
657,-75.49005865,79.14853372
658,-79.79492669,89.90703812
659,-75.99134897,80.42741935
660,-64.4611437,52.04178886
661,-64.02249267,51.09545455
662,-68.77058651,62.73108504
663,-69.57260997,64.72331378
664,-70.6559824,67.22096774
665,-68.67451613,62.32595308
666,-70.07384164,66.10102639
667,-74.03739003,75.78812317
668,-76.43741935,81.54076246
669,-65.88932551,55.47844575
670,-76.52246334,82.19692082
671,-74.46824047,76.56099707
672,-63.93152493,50.80205279
673,-65.93888563,55.89926686
674,-76.04026393,80.7329912
675,-77.53536657,84.47624633
676,-72.17219941,71.21495601
677,-69.39519062,64.15146628
678,-70.91085044,67.99926686
679,-73.43923754,74.23225806
680,-72.35595308,71.428739
681,-67.86926686,60.4356305
682,-72.02510264,70.78489736
683,-78.06832845,85.72434018
684,-69.12005865,63.83387097
685,-74.0916129,75.75322581
686,-80.75134897,92.43005865
687,-73.44615836,74.36319648
688,-74.54249267,76.94824047
689,-72.8557478,72.85234604
690,-65.61595308,54.77668622
691,-71.11211144,68.57756598
692,-76.35035191,81.26627566
693,-67.11181818,58.70879765
694,-69.76398827,65.02214076
695,-70.30891496,66.43944282
696,-69.07917889,63.26612903
697,-72.2244868,71.29985337
698,-73.24961877,73.63357771
699,-68.20859238,61.28577713
700,-74.69865103,77.31480938
701,-74.38785924,76.60747801
702,-69.93539589,65.6101173
703,-75.76082111,79.92991202
704,-69.0872434,63.60703812
705,-73.44645161,74.12199413
706,-73.50146628,74.36583578
707,-69.31219941,63.88533724
708,-72.82677419,72.65527859
709,-77.62853372,84.65967742
710,-76.27272727,81.07771261
711,-78.93747801,87.42434018
712,-70.77422287,67.67785924
713,-67.14258065,58.78020528
714,-67.43774194,59.43196481
715,-78.19170088,85.64237537
716,-76.12002933,80.62815249
717,-72.09451613,70.66334311
718,-71.06093842,68.31217009
719,-74.57809384,76.971261
720,-66.48108504,57.21260997
721,-76.34343109,81.20498534
722,-75.92205279,80.03607038
723,-69.81879765,65.32595308
724,-65.44243402,54.42170088
725,-68.3101173,61.49926686
726,-67.86739003,60.20366569
727,-67.53070381,59.37478006
728,-72.32143695,71.29296188
729,-70.53404692,66.8611437
730,-68.63043988,62.16627566
731,-67.13595308,58.35307918
732,-61.79777126,45.24222874
733,-67.7756305,60.18504399
734,-70.05697947,65.51818182
735,-72.70439883,72.38049853
736,-73.43539589,74.11085044
737,-70.49519062,66.59721408
738,-67.08434018,58.45498534
739,-65.43744868,54.26994135
740,-71.33090909,68.98709677
741,-69.8140176,65.19486804
742,-69.42378299,63.9388563
743,-70.56205279,66.92565982
744,-76.12774194,80.59061584
745,-71.7568915,69.86143695
746,-68.8968915,62.81041056
747,-71.52173021,69.31568915
748,-72.40891496,71.54648094
749,-71.39348974,69.0702346
750,-69.91123167,65.14281525
751,-67.82674487,60.19369501
752,-71.17510264,68.57741935
753,-69.03530792,63.31041056
754,-66.20985337,55.96818182
755,-64.03560117,51.08973607
756,-75.23870968,78.5659824
757,-78.92706745,87.43313783
758,-67.67733138,59.57272727
759,-70.87774194,67.61041056
760,-72.85791789,72.42521994
761,-70.41941349,66.56173021
762,-75.67108504,79.50395894
763,-68.03041056,60.85498534
764,-76.05249267,80.38049853
765,-79.69307918,89.4159824
766,-71.38480938,68.72961877
767,-66.09741935,55.97668622
768,-75.68307918,79.57609971
769,-72.09032258,70.44941349
770,-70.54876833,66.89061584
771,-73.35178886,73.82302053
772,-71.83378299,70.28460411
773,-65.41090909,54.23108504
774,-68.77771261,62.45014663
775,-74.10360704,75.55410557
776,-77.18750733,83.18870968
777,-74.23222874,75.9159824
778,-72.59997067,71.96730205
779,-63.95,50.67228739
780,-75.41665689,78.75791789
781,-74.79492669,77.36304985
782,-70.57252199,66.82536657
783,-77.2055132,83.60395894
784,-74.69360704,76.82565982
785,-73.32064516,73.84046921
786,-68.06281525,60.83519062
787,-73.76973607,74.6186217
788,-72.09146628,70.39178886
789,-69.05982405,63.01979472
790,-74.1468915,75.45337243
791,-68.76255132,62.55337243
792,-70.78325513,67.59046921
793,-76.01082111,80.19750733
794,-76.3458651,81.08826979
795,-71.45228739,68.95513196
796,-74.87378299,77.27243402
797,-75.86219941,79.7856305
798,-72.53193548,71.76055718
799,-72.92891496,72.67785924
800,-67.14542522,58.53621701
801,-69.20651026,63.40117302
802,-77.42187683,83.66832845
803,-78.30524927,85.92991202
804,-69.38859238,63.86554252
805,-72.1144868,70.63079179
806,-70.86190616,67.60381232
807,-72.53868035,71.66378299
808,-77.0213783,82.65791789
809,-70.20826979,65.95322581
810,-72.31824047,71.11451613
811,-76.23782991,80.61290323
812,-73.97348974,75.13900293
813,-71.21739003,68.40821114
814,-75.95607038,80.09178886
815,-76.9598827,82.56832845
816,-72.53372434,71.53958944
817,-71.54378299,69.10322581
818,-68.5959824,62.12595308
819,-71.26768328,68.64941349
820,-76.9314956,82.47903226
821,-70.41516129,66.47228739
822,-61.94750733,45.62390029
823,-68.86454545,62.57375367
824,-71.43102639,68.83782991
825,-69.89715543,65.26524927
826,-69.15052786,63.5856305
827,-71.41428152,68.85278592
828,-67.86205279,60.09134897
829,-65.71844575,55.06407625
830,-69.87486804,65.04090909
831,-70.29519062,66.0898827
832,-70.96343109,67.57536657
833,-69.38630499,64.0101173
834,-71.23073314,68.49472141
835,-71.03316716,68.06129032
836,-72.86982405,72.50997067
837,-75.26958944,78.24178886
838,-73.74041056,74.72492669
839,-77.89008798,84.81686217
840,-76.00932551,80.35322581
841,-65.95653959,55.38255132
842,-70.18677419,65.91964809
843,-70.31351906,66.21085044
844,-77.67134897,84.22785924
845,-76.97184751,82.74120235
846,-68.15979472,61.12346041
847,-67.88398827,60.17184751
848,-72.59648094,71.69648094
849,-76.31076246,80.87771261
850,-72.24859238,70.89457478
851,-74.05812317,75.321261
852,-74.9301173,77.45909091
853,-74.79501466,76.93255132
854,-72.82090909,72.1457478
855,-68.94029326,62.72829912
856,-68.95715543,62.6329912
857,-76.01826979,80.29677419
858,-75.27102639,78.37917889
859,-68.03290323,60.5441349
860,-70.50750733,66.7159824
861,-73.69064516,74.59868035
862,-70.86539589,67.61803519
863,-75.22914956,78.28548387
864,-75.49331378,78.94956012
865,-71.80466276,69.86539589
866,-72.36187683,71.19794721
867,-79.56492669,88.79868035
868,-70.6057478,66.8186217
869,-70.49507331,66.63357771
870,-69.45258065,64.08049853
871,-75.42296188,78.81217009
872,-75.83964809,79.778739
873,-77.72636364,84.4643695
874,-76.48812317,81.14516129
875,-76.41140762,81.14765396
876,-64.73293255,52.21906158
877,-62.1198827,46.03284457
878,-72.54501466,71.6356305
879,-71.29803519,68.70879765
880,-77.75982405,84.31524927
881,-76.01178886,80.15777126
882,-74.1529912,75.64824047
883,-66.22431085,56.1271261
884,-69.94521994,65.30659824
885,-79.12970674,87.93607038
886,-83.29348974,97.9771261
887,-76.54891496,81.44926686
888,-70.19334311,65.81143695
889,-70.06085044,65.4068915
890,-75.34093842,78.43665689
891,-68.69419355,62.21568915
892,-77.50835777,83.84237537
893,-71.85668622,69.76818182
894,-72.79337243,72.27668622
895,-71.1514956,68.21231672
896,-69.4413783,64.18445748
897,-78.93621701,87.33870968
898,-72.15917889,70.70953079
899,-72.10530792,70.31642229
900,-72.75706745,71.99530792
901,-67.06812317,57.97272727
902,-67.65140762,59.5372434
903,-67.24225806,58.7159824
904,-67.45750733,59.23577713
905,-72.64002933,71.85117302
906,-77.05243402,82.71539589
907,-66.43683284,56.59794721
908,-67.86322581,60.0026393
909,-75.84824047,79.82038123
910,-77.29407625,83.19853372
911,-73.68032258,74.45190616
912,-72.16780059,70.54780059
913,-72.67404692,71.88123167
914,-69.97187683,65.02683284
915,-75.36105572,78.54926686
916,-72.12750733,70.48739003
917,-71.05812317,67.76627566
918,-68.26774194,61.0542522
919,-77.16099707,83.12243402
920,-70.50604106,66.58035191
921,-64.2242522,51.24061584
922,-79.95231672,89.80747801
923,-73.5858651,74.09662757
924,-68.92832845,62.51510264
925,-72.65733138,71.83577713
926,-71.12480938,68.23357771
927,-72.42319648,71.1441349
928,-76.94064516,82.48357771
929,-73.1516129,73.15762463
930,-72.16577713,70.95513196
931,-73.68548387,74.28152493
932,-71.91683284,70.18064516
933,-69.38202346,63.97008798
934,-70.7056305,66.96202346
935,-75.64196481,79.30469208
936,-67.2686217,58.48313783
937,-72.89457478,72.61950147
938,-73.49096774,74.02067449
939,-66.76967742,57.59501466
940,-69.29941349,63.50879765
941,-67.67788856,59.40733138
942,-67.29979472,58.81950147
943,-66.14753666,55.8728739
944,-72.49398827,71.42741935
945,-70.71337243,67.0840176
946,-65.51387097,54.21539589
947,-74.05434018,75.24398827
948,-70.26431085,66.01085044
949,-70.86480938,67.38929619
950,-75.05410557,77.64442815
951,-71.06252199,68.03753666
952,-67.3126393,59.03123167
953,-76.07750733,80.2542522
954,-73.31214076,73.42697947
955,-68.78692082,62.18357771
956,-76.43797654,81.01612903
957,-75.19334311,77.93753666
958,-71.20258065,68.3840176
959,-72.471261,71.33211144
960,-73.42709677,73.68870968
961,-66.66043988,57.07082111
962,-70.17832845,66.0085044
963,-75.41058651,78.62360704
964,-76.63041056,81.46055718
965,-71.25671554,68.39105572
966,-69.00184751,62.97932551
967,-69.89249267,65.35439883
968,-75.30630499,78.27492669
969,-75.33900293,78.50879765
970,-76.31753666,80.85615836
971,-80.02378299,89.99897361
972,-71.33392962,68.53460411
973,-66.79398827,57.42668622
974,-76.49489736,81.4388563
975,-70.82554252,67.35894428
976,-69.66076246,64.52580645
977,-65.91592375,55.40381232
978,-76.56897361,81.63870968
979,-66.80387097,57.40557185
980,-73.94070381,75.19266862
981,-71.91278592,70.13753666
982,-71.23800587,68.32961877
983,-76.73090909,81.92624633
984,-75.36167155,78.6186217
985,-67.65199413,59.46539589
986,-63.87319648,50.24384164
987,-72.36510264,71.14369501
988,-75.64794721,79.10337243
989,-72.64164223,71.79105572
990,-72.42879765,71.1159824
991,-60.77715543,42.73284457
992,-73.22692082,73.37521994
993,-69.48120235,64.12272727
994,-69.37108504,63.70997067
995,-72.82334311,72.30029326
996,-74.27624633,75.92521994
997,-73.30017595,73.43739003
998,-69.27958944,63.74882698
999,-67.80762463,59.99560117
1000,-75.04545455,77.75659824
1001,-68.60627566,61.96656891
1002,-73.78903226,74.71818182
1003,-69.05662757,62.94032258
1004,-68.95457478,62.65953079
1005,-78.98199413,87.54296188
1006,-76.52478006,81.06085044
1007,-69.29231672,63.69266862
1008,-74.65366569,76.93108504
1009,-76.71246334,81.95894428
1010,-72.95639296,72.69706745
1011,-66.66014663,57.06642229
1012,-73.23020528,73.22214076
1013,-66.79434018,57.4898827
1014,-68.33272727,61.34868035
1015,-72.12891496,70.56422287
1016,-73.88486804,74.85146628
1017,-71.92662757,69.97785924
1018,-65.95419355,55.4170088
1019,-72.19853372,70.86290323
1020,-77.86134897,84.73768328
1021,-71.37214076,68.83357771
1022,-74.6172434,76.62008798
1023,-71.22797654,68.39985337
1024,-70.13061584,65.66378299
1025,-73.30102639,73.34237537
1026,-67.92994135,60.31422287
1027,-74.63222874,76.62272727
1028,-75.88463343,79.79589443
1029,-80.37302053,90.73093842
1030,-68.83175953,62.37082111
1031,-67.44146628,59.02155425
1032,-73.35926686,73.61994135
1033,-73.29920821,73.21319648
1034,-74.37093842,76.00615836
1035,-66.08639296,55.77683284
1036,-73.00008798,72.70366569
1037,-70.57061584,66.72346041
1038,-61.67507331,44.8585044
1039,-71.05865103,67.88489736
1040,-79.21082111,88.15351906
1041,-72.42190616,71.29853372
1042,-66.62131965,56.89604106
1043,-70.36431085,66.26818182
1044,-65.5057478,54.24824047
1045,-67.2657478,58.58592375
1046,-67.01302053,57.64985337
1047,-74.98231672,77.4026393
1048,-73.1911437,73.23812317
1049,-68.40697947,61.13841642
1050,-68.248739,61.32199413
1051,-73.92692082,74.91994135
1052,-77.15633431,82.85967742
1053,-75.52894428,78.92683284
1054,-65.46187683,54.1202346
1055,-74.00073314,75.05498534
1056,-78.44134897,85.85410557
1057,-68.99237537,62.94648094
1058,-70.55249267,66.7441349
1059,-81.27832845,93.13167155
1060,-76.03108504,80.1473607
1061,-70.29093842,65.94545455
1062,-67.23035191,58.54692082
1063,-67.31797654,58.93460411
1064,-74.13243402,75.63167155
1065,-74.12017595,75.43973607
1066,-69.56774194,64.38856305
1067,-71.63865103,69.26158358
1068,-72.00146628,70.45821114
1069,-71.03718475,67.90087977
1070,-72.66205279,71.90439883
1071,-66.39747801,56.6388563
1072,-67.11457478,58.31612903
1073,-72.65105572,72.01803519
1074,-81.18697947,92.69252199
1075,-78.83067449,87.18665689
1076,-71.89208211,70.18108504
1077,-66.72797654,57.28914956
1078,-74.78797654,77.01392962
1079,-70.93507331,67.63826979
1080,-74.6926393,76.8983871
1081,-75.82363636,79.74970674
1082,-73.98008798,75.24530792
1083,-72.24445748,70.96671554
1084,-76.12994135,80.46964809
1085,-68.4940176,61.79589443
1086,-68.79351906,62.41818182
1087,-73.42847507,73.77096774
1088,-73.57422287,74.15366569
1089,-66.78583578,57.31466276
1090,-65.3041349,53.73870968
1091,-70.50190616,66.56451613
1092,-71.48692082,69.02888563
1093,-72.78152493,72.06744868
1094,-71.33639296,68.63240469
1095,-67.9385044,60.32829912
1096,-68.96304985,62.8585044
1097,-71.79953079,69.78108504
1098,-70.80343109,67.23768328
1099,-71.14472141,68.07624633
1100,-64.98668622,53.19618768
1101,-78.08108504,85.11656891
1102,-75.06956012,77.62624633
1103,-67.47002933,59.1516129
1104,-77.38158358,83.54926686
1105,-69.14102639,63.2026393
1106,-76.25853372,80.80762463
1107,-68.73912023,62.28768328
1108,-60.27123167,41.31041056
1109,-74.30307918,75.8914956
1110,-76.20750733,80.90366569
1111,-75.01129032,77.54472141
1112,-73.06565982,73.11319648
1113,-74.61994135,76.6085044
1114,-72.7898827,72.29912023
1115,-72.54489736,71.55469208
1116,-65.1472434,53.31715543
1117,-72.77832845,72.04662757
1118,-68.2944868,61.06979472
1119,-63.0511437,48.26935484
1120,-66.11457478,55.57052786
1121,-68.21307918,61.07155425
1122,-71.44475073,68.98944282
1123,-76.44460411,81.35894428
1124,-71.66058651,69.34941349
1125,-76.19583578,80.47492669
1126,-64.38504399,51.4244868
1127,-73.58557185,74.46246334
1128,-78.69829912,86.83005865
1129,-81.66815249,94.13005865
1130,-72.81557185,72.31568915
1131,-72.09052786,70.75234604
1132,-70.51428152,66.6797654
1133,-71.27410557,68.47668622
1134,-72.39392962,71.36422287
1135,-77.44304985,83.85322581
1136,-75.38395894,78.85762463
1137,-65.0341349,53.25982405
1138,-68.82744868,62.61480938
1139,-72.6742522,72.03387097
1140,-70.25709677,66.20909091
1141,-72.9301173,72.42243402
1142,-71.9527566,70.13665689
1143,-68.7298827,62.33973607
1144,-70.9688563,67.84369501
1145,-73.52879765,74.30219941
1146,-68.43527859,61.63255132
1147,-69.45178886,63.92639296
1148,-79.39785924,88.45249267
1149,-69.24683284,63.78973607
1150,-64.93917889,52.94912023
1151,-74.27897361,76.12815249
1152,-76.7558651,82.12243402
1153,-68.95780059,62.78489736
1154,-75.24281525,78.27932551
1155,-71.72032258,69.45293255
1156,-72.88595308,72.53196481
1157,-75.44313783,78.7856305
1158,-70.20961877,66.01158358
1159,-67.64651026,59.55249267
1160,-70.86055718,67.45747801
1161,-72.98565982,72.77390029
1162,-73.25017595,73.51950147
1163,-72.75173021,72.26422287
1164,-61.65668622,45.06363636
1165,-72.19926686,70.74193548
1166,-77.39683284,83.71935484
1167,-67.20727273,58.58269795
1168,-70.55501466,66.75410557
1169,-77.76055718,84.45821114
1170,-69.40923754,63.84750733
1171,-76.15882698,80.62800587
1172,-76.04366569,80.12932551
1173,-70.67090909,67.04017595
1174,-73.37307918,73.5829912
1175,-65.79630499,55.29354839
1176,-71.85392962,69.98123167
1177,-72.51381232,71.79589443
1178,-70.43,66.55337243
1179,-66.70595308,57.33856305
1180,-70.098739,65.91217009
1181,-70.40199413,66.48152493
1182,-76.32369501,81.37375367
1183,-67.25454545,58.71187683
1184,-68.77747801,62.321261
1185,-69.21554252,63.54472141
1186,-71.60580645,69.45439883
1187,-74.61284457,76.81803519
1188,-71.69648094,69.71041056
1189,-71.52087977,69.02947214
1190,-70.48155425,66.77756598
1191,-67.91536657,60.33826979
1192,-69.99348974,65.54457478
1193,-72.57621701,71.6659824
1194,-71.14346041,68.21055718
1195,-74.20741935,75.77331378
1196,-70.63991202,67.32741935
1197,-65.35926686,54.20278592
1198,-70.3243695,66.06568915
1199,-80.95844575,92.43093842
1200,-77.68064516,84.48753666
1201,-68.86659824,62.76583578
1202,-73.55123167,74.3271261
1203,-71.96618768,70.63577713
1204,-75.09340176,78.10923754
1205,-73.90038123,75.54090909
1206,-70.35521994,66.68167155
1207,-72.42120235,71.60102639
1208,-70.34967742,66.66231672
1209,-67.96255132,60.68533724
1210,-66.93703812,58.1398827
1211,-74.50621701,76.85571848
1212,-69.57005865,64.70410557
1213,-78.21175953,86.00410557
1214,-81.87366569,95.48695015
1215,-77.07897361,83.52038123
1216,-73.49351906,74.56407625
1217,-69.23246334,63.90777126
1218,-68.3170088,62.05351906
1219,-66.51302053,57.37492669
1220,-70.4871261,67.31202346
1221,-71.50633431,69.70058651
1222,-70.99865103,68.36173021
1223,-68.30454545,61.88856305
1224,-66.1301173,56.75307918
1225,-77.09214076,83.26554252
1226,-77.8026393,84.92082111
1227,-76.22129032,81.13607038
1228,-74.31780059,76.25821114
1229,-69.57973607,64.4973607
1230,-78.16293255,85.75190616
1231,-75.84794721,79.84897361
1232,-69.53017595,64.31480938
1233,-65.96929619,55.80483871
1234,-75.98618768,80.52815249
1235,-76.46170088,81.67478006
1236,-69.95005865,65.78607038
1237,-70.87859238,67.91495601
1238,-63.81478006,50.67697947
1239,-72.56061584,72.05953079
1240,-76.49571848,81.59486804
1241,-68.21715543,61.23020528
1242,-71.7157478,70.13797654
1243,-76.99181818,82.92492669
1244,-77.1872434,83.25953079
1245,-76.02897361,80.30337243
1246,-70.20208211,66.07155425
1247,-71.79721408,69.94941349
1248,-67.55032258,59.50630499
1249,-76.14237537,80.7829912
1250,-70.58832845,66.72741935
1251,-79.55653959,88.84002933
1252,-68.44431085,61.7797654
1253,-64.31979472,51.33651026
1254,-74.99246334,77.71392962
1255,-79.94457478,89.90175953
1256,-65.73718475,55.00278592
1257,-73.24340176,73.51173021
1258,-73.32032258,73.78651026
1259,-66.96571848,58.05762463
1260,-69.91398827,65.09472141
1261,-74.56994135,76.67961877
1262,-78.33055718,85.8483871
1263,-73.10208211,73.18225806
1264,-74.17404692,75.57991202
1265,-75.61970674,79.28387097
1266,-71.93536657,70.2526393
1267,-69.06387097,63.13621701
1268,-72.97970674,72.62521994
1269,-77.28730205,83.39604106
1270,-73.8886217,75.0441349
1271,-77.01378299,82.72507331
1272,-75.56868035,79.05366569
1273,-75.92680352,79.86466276
1274,-70.76513196,66.99530792
1275,-69.67747801,64.58958944
1276,-66.39319648,56.42653959
1277,-69.45108504,64.01994135
1278,-74.18026393,75.89604106
1279,-75.86533724,79.89794721
1280,-70.79662757,67.47727273
1281,-64.21480938,51.02639296
1282,-72.74146628,72.16524927
1283,-76.50762463,81.51099707
1284,-72.93923754,72.8026393
1285,-72.30818182,70.98123167
1286,-74.10753666,75.42829912
1287,-76.99624633,82.4686217
1288,-72.54434018,71.66510264
1289,-71.51870968,69.18533724
1290,-73.20759531,73.24076246
1291,-70.87609971,67.69428152
1292,-72.15428152,70.6441349
1293,-70.71190616,67.07668622
1294,-70.10390029,65.71246334
1295,-68.32730205,61.24897361
1296,-71.79278592,69.85219941
1297,-74.23483871,75.86202346
1298,-72.99278592,72.85953079
1299,-67.12686217,58.37067449
1300,-75.1931085,78.30718475
1301,-69.6656305,64.79824047
1302,-69.14815249,63.36891496
1303,-73.88026393,74.95175953
1304,-71.79372434,69.81788856
1305,-71.45771261,69.02184751
1306,-68.17504399,60.93431085
1307,-69.33524927,63.77800587
1308,-69.48372434,64.12903226
1309,-67.41888563,59.02375367
1310,-74.0114956,75.25967742
1311,-72.73041056,72.09178886
1312,-69.87492669,65.05938416
1313,-66.11372434,56.08343109
1314,-70.75633431,67.13460411
1315,-73.0586217,72.92697947
1316,-69.97519062,65.4585044
1317,-70.26733138,66.10454545
1318,-73.48557185,73.70659824
1319,-75.77486804,79.56730205
1320,-76.65706745,81.72697947
1321,-73.24082111,73.24501466
1322,-68.81234604,62.44325513
1323,-73.56043988,74.04956012
1324,-75.4998827,79.05395894
1325,-72.4171261,71.1931085
1326,-80.02521994,89.93108504
1327,-72.29278592,70.96290323
1328,-61.18859238,43.55249267
1329,-66.02351906,55.57932551
1330,-69.53337243,64.36129032
1331,-76.50478006,81.21612903
1332,-72.74686217,72.28504399
1333,-77.23052786,83.15513196
1334,-71.88454545,70.05410557
1335,-68.11665689,60.76818182
1336,-75.99070381,80.29750733
1337,-73.10636364,73.06099707
1338,-68.32231672,61.28049853
1339,-69.13337243,63.27697947
1340,-76.18721408,80.65865103
1341,-69.51266862,64.23255132
1342,-71.61214076,69.29428152
1343,-73.93607038,75.0271261
1344,-70.51926686,66.4686217
1345,-70.52782991,66.54868035
1346,-69.19612903,63.53284457
1347,-65.33504399,53.99193548
1348,-72.38372434,71.52565982
1349,-77.83363636,84.69589443
1350,-71.47082111,68.8585044
1351,-69.06609971,63.27741935
1352,-67.18941349,58.72683284
1353,-64.96131965,53.2042522
1354,-75.65334311,79.31847507
1355,-75.26478006,78.53035191
1356,-74.38636364,76.3159824
1357,-73.38554252,73.7186217
1358,-63.5198827,49.51451613
1359,-71.3956305,68.8244868
1360,-78.06067449,85.24882698
1361,-80.98384164,92.67771261
1362,-73.38,73.61129032
1363,-61.4027566,44.20703812
1364,-67.13923754,58.49325513
1365,-69.58648094,64.31627566
1366,-67.13058651,58.19853372
1367,-67.69844575,59.8601173
1368,-74.60677419,76.5957478
1369,-66.99768328,57.97258065
1370,-77.81293255,84.54882698
1371,-69.85322581,64.92815249
1372,-66.69542522,57.21143695
1373,-75.95906158,80.00029326
1374,-81.4641349,93.66217009
1375,-86.7842522,106.907478
1376,-81.99630499,94.95410557
1377,-73.928739,74.82917889
1378,-71.74560117,69.57844575
1379,-72.50876833,71.38739003
1380,-72.46953079,71.36260997
1381,-77.94882698,85.02052786
1382,-76.22073314,80.7516129
1383,-68.98651026,62.77419355
1384,-68.76560117,62.20909091
1385,-79.13912023,87.85513196
1386,-69.56258065,64.21070381
1387,-63.96085044,50.47214076
1388,-73.21258065,73.09926686
1389,-72.2668915,70.79369501
1390,-70.90378299,67.45923754
1391,-75.5529912,79.0016129
1392,-73.61457478,74.21055718
1393,-76.71293255,81.60454545
1394,-69.99173021,65.31290323
1395,-72.93636364,72.52419355
1396,-66.35434018,56.1186217
1397,-72.10076246,70.33621701
1398,-70.63545455,66.59046921
1399,-71.58208211,69.23929619
1400,-70.23480938,65.70615836
1401,-68.32645161,61.27800587
1402,-76.64,81.55967742
1403,-75.83090909,79.61392962
1404,-72.35609971,70.92140762
1405,-77.13516129,82.86539589
1406,-72.25794721,70.83914956
1407,-63.91187683,50.22140762
1408,-68.70175953,62.13196481
1409,-76.45914956,81.25967742
1410,-69.44671554,64.02917889
1411,-69.88648094,65.01129032
1412,-73.2788563,73.11832845
1413,-72.57785924,71.53812317
1414,-66.64536657,57.02580645
1415,-70.28774194,66.07492669
1416,-74.45753666,76.25014663
1417,-70.50633431,66.52243402
1418,-71.49651026,69.0473607
1419,-74.95706745,77.59061584
1420,-70.39129032,66.33196481
1421,-68.43099707,61.36891496
1422,-75.13020528,77.70454545
1423,-76.75392962,81.94897361
1424,-64.24372434,51.17199413
1425,-73.77046921,74.50131965
1426,-69.37486804,63.81656891
1427,-65.67651026,54.58900293
1428,-67.61560117,59.38357771
1429,-61.47014663,44.23255132
1430,-70.9711437,67.71378299
1431,-74.42762463,76.24868035
1432,-73.57624633,74.09457478
1433,-70.88706745,67.33313783
1434,-65.9840176,55.55205279
1435,-67.40583578,58.90131965
1436,-74.62633431,76.73812317
1437,-72.83741935,72.19252199
1438,-64.36894428,51.55469208
1439,-70.68818182,67.03387097
1440,-76.90973607,82.21202346
1441,-75.79920821,79.53651026
1442,-71.55718475,69.04325513
1443,-66.12659824,55.61158358
1444,-71.9568915,70.11583578
1445,-75.81548387,79.55703812
1446,-76.84316716,82.17756598
1447,-74.72190616,77.01187683
1448,-67.9997654,60.46495601
1449,-74.98214076,77.58548387
1450,-74.05739003,75.19296188
1451,-71.58307918,69.27111437
1452,-67.56307918,59.21744868
1453,-74.56460411,76.38035191
1454,-77.03307918,82.41774194
1455,-74.38272727,75.94765396
1456,-70.50539589,66.60073314
1457,-66.67568915,57.05395894
1458,-68.30304985,61.19017595
1459,-71.74741935,69.47302053
1460,-74.0670088,75.2829912
1461,-76.79070381,81.91260997
1462,-66.35944282,56.40630499
1463,-71.12583578,67.99604106
1464,-71.87322581,69.83519062
1465,-74.64231672,76.73592375
1466,-72.3740176,71.1659824
1467,-72.73703812,72.04970674
1468,-71.65055718,69.40131965
1469,-65.01384164,52.87184751
1470,-74.1316129,75.37302053
1471,-73.06530792,72.88504399
1472,-70.44615836,66.46730205
1473,-78.86565982,87.08900293
1474,-83.89809384,99.55278592
1475,-74.3886217,76.10351906
1476,-71.20354839,68.16466276
1477,-78.79888563,86.94956012
1478,-75.10612903,77.86979472
1479,-73.88369501,74.95117302
1480,-65.34803519,54.02258065
1481,-67.03706745,58.01422287
1482,-79.59272727,88.85718475
1483,-73.69026393,74.471261
1484,-75.36407625,78.64662757
1485,-72.27087977,71.00527859
1486,-70.02994135,65.4542522
1487,-77.57214076,83.83504399
1488,-68.30046921,61.23504399
1489,-63.14909091,48.41158358
1490,-71.71404692,69.54354839
1491,-67.86935484,59.99046921
1492,-69.99519062,65.25923754
1493,-74.2255132,75.68841642
1494,-75.37844575,78.54692082
1495,-67.62897361,59.40234604
1496,-73.09131965,72.79794721
1497,-70.10888563,65.57829912
1498,-65.09357771,53.1829912
1499,-66.22618768,56.17214076
1500,-74.80252199,77.36187683